wsl : 
所在位置 行:1 字符: 1
+ wsl -d Ubuntu -- bash -c "sed -i 's/\r$//' /www/server/mdserver-web/s ...
+ ~~~~~~~~~~~~~~~~~~~~~~~~~~~~~~~~~~~~~~~~~~~~~~~~~~~~~~~~~~~~~~~~~~~~~
    + CategoryInfo          : NotSpecified: (:String) [], RemoteException
    + FullyQualifiedErrorId : NativeCommandError
 
WARNING: apt does not have a stable CLI interface. Use with caution in scripts.

Reading package lists...
Building dependency tree...
Reading state information...
chrony is already the newest version (4.8-2ubuntu1).
chrony set to manually installed.
Solving dependencies...
Summary:
  Upgrading: 0, Installing: 0, Removing: 0, Not Upgrading: 15

WARNING: apt does not have a stable CLI interface. Use with caution in scripts.

Reading package lists...
Building dependency tree...
Reading state information...
Package ntpdate is not available, but is referred to by another package.
This may mean that the package is missing, has been obsoleted, or
is only available from another source
However the following packages replace it:
  ntpsec-ntpdate


Error: Package 'ntpdate' has no installation candidate

WARNING: apt does not have a stable CLI interface. Use with caution in scripts.

Hit:1 https://mirrors.aliyun.com/docker-ce/linux/ubuntu resolute InRelease
Hit:2 http://archive.ubuntu.com/ubuntu resolute InRelease
Get:3 http://security.ubuntu.com/ubuntu resolute-security InRelease [137 kB]
Get:4 http://archive.ubuntu.com/ubuntu resolute-updates InRelease [137 kB]
Get:5 http://security.ubuntu.com/ubuntu resolute-security/main amd64 Packages [598 kB]
Get:6 http://archive.ubuntu.com/ubuntu resolute-backports InRelease [137 kB]
Get:7 http://archive.ubuntu.com/ubuntu resolute-updates/main amd64 Packages [733 kB]
Get:8 http://security.ubuntu.com/ubuntu resolute-security/main Translation-en [138 kB]
Get:9 http://security.ubuntu.com/ubuntu resolute-security/main amd64 Components [46.7 kB]
Get:10 http://security.ubuntu.com/ubuntu resolute-security/universe amd64 Packages [200 kB]
Get:11 http://security.ubuntu.com/ubuntu resolute-security/universe Translation-en [64.9 kB]
Get:12 http://security.ubuntu.com/ubuntu resolute-security/universe amd64 Components [55.6 kB]
Get:13 http://archive.ubuntu.com/ubuntu resolute-updates/main amd64 Components [110 kB]
Get:14 http://archive.ubuntu.com/ubuntu resolute-updates/universe amd64 Packages [322 kB]
Get:15 http://archive.ubuntu.com/ubuntu resolute-updates/universe amd64 Components [201 kB]
Get:16 http://archive.ubuntu.com/ubuntu resolute-updates/restricted amd64 Packages [508 kB]
Get:17 http://archive.ubuntu.com/ubuntu resolute-updates/restricted Translation-en [101 kB]
Get:18 http://archive.ubuntu.com/ubuntu resolute-updates/multiverse amd64 Packages [21.0 kB]
Get:19 http://archive.ubuntu.com/ubuntu resolute-updates/multiverse Translation-en [4168 B]
Get:20 http://archive.ubuntu.com/ubuntu resolute-backports/universe amd64 Components [1060 B]
Fetched 3515 kB in 5s (657 kB/s)
Reading package lists...
Building dependency tree...
Reading state information...
17 packages can be upgraded. Run 'apt list --upgradable' to see them.

WARNING: apt does not have a stable CLI interface. Use with caution in scripts.

Reading package lists...
Building dependency tree...
Reading state information...
Solving dependencies...
Summary:
  Upgrading: 0, Installing: 0, Removing: 0, Not Upgrading: 17

WARNING: apt does not have a stable CLI interface. Use with caution in scripts.

Reading package lists...
Building dependency tree...
Reading state information...
wget is already the newest version (1.25.0-2ubuntu4.4).
wget set to manually installed.
curl is already the newest version (8.18.0-1ubuntu2.7).
curl set to manually installed.
Solving dependencies...
Installing:
  unzip

Suggested packages:
  zip

Summary:
  Upgrading: 0, Installing: 1, Removing: 0, Not Upgrading: 17
  Download size: 180 kB
  Space needed: 426 kB / 1022 GB available

Get:1 http://archive.ubuntu.com/ubuntu resolute/main amd64 unzip amd64 6.0-29ubuntu1 [180 kB]
perl: warning: Setting locale failed.
perl: warning: Please check that your locale settings:
	LANGUAGE = (unset),
	LC_ALL = (unset),
	LC_CTYPE = (unset),
	LC_NUMERIC = (unset),
	LC_COLLATE = (unset),
	LC_TIME = (unset),
	LC_MESSAGES = (unset),
	LC_MONETARY = (unset),
	LC_ADDRESS = (unset),
	LC_IDENTIFICATION = (unset),
	LC_MEASUREMENT = (unset),
	LC_PAPER = (unset),
	LC_TELEPHONE = (unset),
	LC_NAME = (unset),
	LANG = "en_US.UTF-8"
    are supported and installed on your system.
perl: warning: Falling back to the standard locale ("C").
locale: Cannot set LC_CTYPE to default locale: No such file or directory
locale: Cannot set LC_MESSAGES to default locale: No such file or directory
locale: Cannot set LC_ALL to default locale: No such file or directory
Fetched 180 kB in 2s (84.3 kB/s)
Selecting previously unselected package unzip.
(Reading database ... 
(Reading database ... 5%
(Reading database ... 10%
(Reading database ... 15%
(Reading database ... 20%
(Reading database ... 25%
(Reading database ... 30%
(Reading database ... 35%
(Reading database ... 40%
(Reading database ... 45%
(Reading database ... 50%
(Reading database ... 55%
(Reading database ... 60%
(Reading database ... 65%
(Reading database ... 70%
(Reading database ... 75%
(Reading database ... 80%
(Reading database ... 85%
(Reading database ... 90%
(Reading database ... 95%
(Reading database ... 100%
(Reading database ... 36420 files and directories currently installed.)
Preparing to unpack .../unzip_6.0-29ubuntu1_amd64.deb ...
Unpacking unzip (6.0-29ubuntu1) ...
Setting up unzip (6.0-29ubuntu1) ...
Processing triggers for man-db (2.13.1-1build1) ...

WARNING: apt does not have a stable CLI interface. Use with caution in scripts.

Reading package lists...
Building dependency tree...
Reading state information...
lsof is already the newest version (4.99.4+dfsg-2build2).
lsof set to manually installed.
Solving dependencies...
Summary:
  Upgrading: 0, Installing: 0, Removing: 0, Not Upgrading: 17

WARNING: apt does not have a stable CLI interface. Use with caution in scripts.

Reading package lists...
Building dependency tree...
Reading state information...
Solving dependencies...
Installing:
  rar  unrar

Summary:
  Upgrading: 0, Installing: 2, Removing: 0, Not Upgrading: 17
  Download size: 650 kB
  Space needed: 2120 kB / 1022 GB available

Get:1 http://archive.ubuntu.com/ubuntu resolute/multiverse amd64 rar amd64 2:7.20-1 [464 kB]
Get:2 http://archive.ubuntu.com/ubuntu resolute/multiverse amd64 unrar amd64 1:7.2.4-1 [186 kB]
perl: warning: Setting locale failed.
perl: warning: Please check that your locale settings:
	LANGUAGE = (unset),
	LC_ALL = (unset),
	LC_CTYPE = (unset),
	LC_NUMERIC = (unset),
	LC_COLLATE = (unset),
	LC_TIME = (unset),
	LC_MESSAGES = (unset),
	LC_MONETARY = (unset),
	LC_ADDRESS = (unset),
	LC_IDENTIFICATION = (unset),
	LC_MEASUREMENT = (unset),
	LC_PAPER = (unset),
	LC_TELEPHONE = (unset),
	LC_NAME = (unset),
	LANG = "en_US.UTF-8"
    are supported and installed on your system.
perl: warning: Falling back to the standard locale ("C").
locale: Cannot set LC_CTYPE to default locale: No such file or directory
locale: Cannot set LC_MESSAGES to default locale: No such file or directory
locale: Cannot set LC_ALL to default locale: No such file or directory
Fetched 650 kB in 3s (239 kB/s)
Selecting previously unselected package rar.
(Reading database ... 
(Reading database ... 5%
(Reading database ... 10%
(Reading database ... 15%
(Reading database ... 20%
(Reading database ... 25%
(Reading database ... 30%
(Reading database ... 35%
(Reading database ... 40%
(Reading database ... 45%
(Reading database ... 50%
(Reading database ... 55%
(Reading database ... 60%
(Reading database ... 65%
(Reading database ... 70%
(Reading database ... 75%
(Reading database ... 80%
(Reading database ... 85%
(Reading database ... 90%
(Reading database ... 95%
(Reading database ... 100%
(Reading database ... 36438 files and directories currently installed.)
Preparing to unpack .../rar_2%3a7.20-1_amd64.deb ...
Unpacking rar (2:7.20-1) ...
Selecting previously unselected package unrar.
Preparing to unpack .../unrar_1%3a7.2.4-1_amd64.deb ...
Unpacking unrar (1:7.2.4-1) ...
Setting up rar (2:7.20-1) ...
Setting up unrar (1:7.2.4-1) ...
update-alternatives: using /usr/bin/unrar-nonfree to provide /usr/bin/unrar (unrar) in auto mode
Processing triggers for man-db (2.13.1-1build1) ...

WARNING: apt does not have a stable CLI interface. Use with caution in scripts.

Reading package lists...
Building dependency tree...
Reading state information...
xz-utils is already the newest version (5.8.3-1).
xz-utils set to manually installed.
Solving dependencies...
Summary:
  Upgrading: 0, Installing: 0, Removing: 0, Not Upgrading: 17

WARNING: apt does not have a stable CLI interface. Use with caution in scripts.

Reading package lists...
Building dependency tree...
Reading state information...
Solving dependencies...
Installing:
  python3-pip

Installing dependencies:
  build-essential          libalgorithm-diff-perl     liblsan0
  bzip2                    libalgorithm-diff-xs-perl  libmpc3
  cpp                      libalgorithm-merge-perl    libpython3-dev
  cpp-15                   libasan8                   libpython3.14-dev
  cpp-15-x86-64-linux-gnu  libc-dev-bin               libquadmath0
  cpp-x86-64-linux-gnu     libc6-dev                  libstdc++-15-dev
  dpkg-dev                 libcc1-0                   libtsan2
  fakeroot                 libcrypt-dev               libubsan1
  g++                      libdpkg-perl               linux-libc-dev
  g++-15                   libexpat1-dev              lto-disabled-list
  g++-15-x86-64-linux-gnu  libfakeroot                make
  g++-x86-64-linux-gnu     libfile-fcntllock-perl     manpages-dev
  gcc                      libgcc-15-dev              python3-dev
  gcc-15                   libgomp1                   python3-wheel
  gcc-15-base              libhwasan0                 python3.14-dev
  gcc-15-x86-64-linux-gnu  libisl23                   rpcsvc-proto
  gcc-x86-64-linux-gnu     libitm1                    zlib1g-dev

Suggested packages:
  bzip2-doc                  gcc-15-doc    gcc-doc
  cpp-doc                    gcc-multilib  gcc-15-multilib
  gcc-15-locales             autoconf      gdb-x86-64-linux-gnu
  cpp-15-doc                 automake      libc-devtools
  debian-keyring             libtool       glibc-doc
  debian-tag2upload-keyring  flex          bzr
  g++-multilib               bison         libstdc++-15-doc
  g++-15-multilib            gdb           make-doc

Summary:
  Upgrading: 0, Installing: 52, Removing: 0, Not Upgrading: 17
  Download size: 88.0 MB
  Space needed: 316 MB / 1022 GB available

Get:1 http://archive.ubuntu.com/ubuntu resolute-updates/main amd64 libc-dev-bin amd64 2.43-2ubuntu2.4 [23.3 kB]
Get:2 http://archive.ubuntu.com/ubuntu resolute-updates/main amd64 linux-libc-dev amd64 7.0.0-38.38 [1715 kB]
Get:3 http://archive.ubuntu.com/ubuntu resolute/main amd64 rpcsvc-proto amd64 1.4.3-1build1 [68.3 kB]
Get:4 http://archive.ubuntu.com/ubuntu resolute-updates/main amd64 libc6-dev amd64 2.43-2ubuntu2.4 [2294 kB]
Get:5 http://archive.ubuntu.com/ubuntu resolute/main amd64 gcc-15-base amd64 15.2.0-16ubuntu1 [39.0 kB]
Get:6 http://archive.ubuntu.com/ubuntu resolute/main amd64 libisl23 amd64 0.27-1build1 [691 kB]
Get:7 http://archive.ubuntu.com/ubuntu resolute/main amd64 libmpc3 amd64 1.3.1-3 [54.6 kB]
Get:8 http://archive.ubuntu.com/ubuntu resolute/main amd64 cpp-15-x86-64-linux-gnu amd64 15.2.0-16ubuntu1 [12.9 MB]
Get:9 http://archive.ubuntu.com/ubuntu resolute/main amd64 cpp-15 amd64 15.2.0-16ubuntu1 [1030 B]
Get:10 http://archive.ubuntu.com/ubuntu resolute/main amd64 cpp-x86-64-linux-gnu amd64 4:15.2.0-5ubuntu1 [5840 B]
Get:11 http://archive.ubuntu.com/ubuntu resolute/main amd64 cpp amd64 4:15.2.0-5ubuntu1 [22.4 kB]
Get:12 http://archive.ubuntu.com/ubuntu resolute/main amd64 libcc1-0 amd64 16-20260322-1ubuntu1 [51.2 kB]
Get:13 http://archive.ubuntu.com/ubuntu resolute/main amd64 libgomp1 amd64 16-20260322-1ubuntu1 [162 kB]
Get:14 http://archive.ubuntu.com/ubuntu resolute/main amd64 libitm1 amd64 16-20260322-1ubuntu1 [30.0 kB]
Get:15 http://archive.ubuntu.com/ubuntu resolute/main amd64 libasan8 amd64 16-20260322-1ubuntu1 [3184 kB]
Get:16 http://archive.ubuntu.com/ubuntu resolute/main amd64 liblsan0 amd64 16-20260322-1ubuntu1 [1394 kB]
Get:17 http://archive.ubuntu.com/ubuntu resolute/main amd64 libtsan2 amd64 16-20260322-1ubuntu1 [2849 kB]
Get:18 http://archive.ubuntu.com/ubuntu resolute/main amd64 libubsan1 amd64 16-20260322-1ubuntu1 [1240 kB]
Get:19 http://archive.ubuntu.com/ubuntu resolute/main amd64 libhwasan0 amd64 16-20260322-1ubuntu1 [1731 kB]
Get:20 http://archive.ubuntu.com/ubuntu resolute/main amd64 libquadmath0 amd64 16-20260322-1ubuntu1 [155 kB]
Get:21 http://archive.ubuntu.com/ubuntu resolute/main amd64 libgcc-15-dev amd64 15.2.0-16ubuntu1 [2866 kB]
Get:22 http://archive.ubuntu.com/ubuntu resolute/main amd64 gcc-15-x86-64-linux-gnu amd64 15.2.0-16ubuntu1 [25.4 MB]
Get:23 http://archive.ubuntu.com/ubuntu resolute/main amd64 gcc-15 amd64 15.2.0-16ubuntu1 [539 kB]
Get:24 http://archive.ubuntu.com/ubuntu resolute/main amd64 gcc-x86-64-linux-gnu amd64 4:15.2.0-5ubuntu1 [1208 B]
Get:25 http://archive.ubuntu.com/ubuntu resolute/main amd64 gcc amd64 4:15.2.0-5ubuntu1 [5010 B]
Get:26 http://archive.ubuntu.com/ubuntu resolute/main amd64 libstdc++-15-dev amd64 15.2.0-16ubuntu1 [2920 kB]
Get:27 http://archive.ubuntu.com/ubuntu resolute/main amd64 g++-15-x86-64-linux-gnu amd64 15.2.0-16ubuntu1 [14.4 MB]
Get:28 http://archive.ubuntu.com/ubuntu resolute/main amd64 g++-15 amd64 15.2.0-16ubuntu1 [26.7 kB]
Get:29 http://archive.ubuntu.com/ubuntu resolute/main amd64 g++-x86-64-linux-gnu amd64 4:15.2.0-5ubuntu1 [968 B]
Get:30 http://archive.ubuntu.com/ubuntu resolute/main amd64 g++ amd64 4:15.2.0-5ubuntu1 [1100 B]
Get:31 http://archive.ubuntu.com/ubuntu resolute/main amd64 make amd64 4.4.1-3 [197 kB]
Get:32 http://archive.ubuntu.com/ubuntu resolute/main amd64 libdpkg-perl all 1.23.7ubuntu1 [289 kB]
Get:33 http://archive.ubuntu.com/ubuntu resolute-updates/main amd64 bzip2 amd64 1.0.8-6ubuntu0.1 [34.3 kB]
Get:34 http://archive.ubuntu.com/ubuntu resolute/main amd64 lto-disabled-list all 79 [14.2 kB]
Get:35 http://archive.ubuntu.com/ubuntu resolute/main amd64 dpkg-dev all 1.23.7ubuntu1 [1062 kB]
Get:36 http://archive.ubuntu.com/ubuntu resolute/main amd64 libcrypt-dev amd64 1:4.5.1-1 [122 kB]
Get:37 http://archive.ubuntu.com/ubuntu resolute-updates/main amd64 build-essential amd64 12.12ubuntu2.26.04.2 [5158 B]
Get:38 http://archive.ubuntu.com/ubuntu resolute/main amd64 libfakeroot amd64 1.37.2-1 [34.0 kB]
Get:39 http://archive.ubuntu.com/ubuntu resolute/main amd64 fakeroot amd64 1.37.2-1 [68.3 kB]
Get:40 http://archive.ubuntu.com/ubuntu resolute/main amd64 libalgorithm-diff-perl all 1.201-1 [41.8 kB]
Get:41 http://archive.ubuntu.com/ubuntu resolute/main amd64 libalgorithm-diff-xs-perl amd64 0.04-9 [11.5 kB]
Get:42 http://archive.ubuntu.com/ubuntu resolute/main amd64 libalgorithm-merge-perl all 0.08-5 [11.4 kB]
Get:43 http://archive.ubuntu.com/ubuntu resolute-updates/main amd64 libexpat1-dev amd64 2.7.4-1ubuntu0.2 [149 kB]
Get:44 http://archive.ubuntu.com/ubuntu resolute/main amd64 libfile-fcntllock-perl amd64 0.22-4ubuntu6 [32.8 kB]
Get:45 http://archive.ubuntu.com/ubuntu resolute-updates/main amd64 zlib1g-dev amd64 1:1.3.dfsg+really1.3.1-1ubuntu3.1 [895 kB]
Get:46 http://archive.ubuntu.com/ubuntu resolute-updates/main amd64 libpython3.14-dev amd64 3.14.4-1ubuntu0.2 [5986 kB]
Get:47 http://archive.ubuntu.com/ubuntu resolute/main amd64 libpython3-dev amd64 3.14.3-0ubuntu2 [8736 B]
Get:48 http://archive.ubuntu.com/ubuntu resolute/main amd64 manpages-dev all 6.17-1 [2183 kB]
Get:49 http://archive.ubuntu.com/ubuntu resolute-updates/main amd64 python3.14-dev amd64 3.14.4-1ubuntu0.2 [510 kB]
Get:50 http://archive.ubuntu.com/ubuntu resolute/main amd64 python3-dev amd64 3.14.3-0ubuntu2 [26.6 kB]
Get:51 http://archive.ubuntu.com/ubuntu resolute/universe amd64 python3-wheel all 0.46.3-2 [27.9 kB]
Get:52 http://archive.ubuntu.com/ubuntu resolute/universe amd64 python3-pip all 25.1.1+dfsg-1ubuntu2 [1416 kB]
perl: warning: Setting locale failed.
perl: warning: Please check that your locale settings:
	LANGUAGE = (unset),
	LC_ALL = (unset),
	LC_CTYPE = (unset),
	LC_NUMERIC = (unset),
	LC_COLLATE = (unset),
	LC_TIME = (unset),
	LC_MESSAGES = (unset),
	LC_MONETARY = (unset),
	LC_ADDRESS = (unset),
	LC_IDENTIFICATION = (unset),
	LC_MEASUREMENT = (unset),
	LC_PAPER = (unset),
	LC_TELEPHONE = (unset),
	LC_NAME = (unset),
	LANG = "en_US.UTF-8"
    are supported and installed on your system.
perl: warning: Falling back to the standard locale ("C").
locale: Cannot set LC_CTYPE to default locale: No such file or directory
locale: Cannot set LC_MESSAGES to default locale: No such file or directory
locale: Cannot set LC_ALL to default locale: No such file or directory
Fetched 88.0 MB in 34s (2573 kB/s)
Selecting previously unselected package libc-dev-bin.
(Reading database ... 
(Reading database ... 5%
(Reading database ... 10%
(Reading database ... 15%
(Reading database ... 20%
(Reading database ... 25%
(Reading database ... 30%
(Reading database ... 35%
(Reading database ... 40%
(Reading database ... 45%
(Reading database ... 50%
(Reading database ... 55%
(Reading database ... 60%
(Reading database ... 65%
(Reading database ... 70%
(Reading database ... 75%
(Reading database ... 80%
(Reading database ... 85%
(Reading database ... 90%
(Reading database ... 95%
(Reading database ... 100%
(Reading database ... 36461 files and directories currently installed.)
Preparing to unpack .../00-libc-dev-bin_2.43-2ubuntu2.4_amd64.deb ...
Unpacking libc-dev-bin (2.43-2ubuntu2.4) ...
Selecting previously unselected package linux-libc-dev:amd64.
Preparing to unpack .../01-linux-libc-dev_7.0.0-38.38_amd64.deb ...
Unpacking linux-libc-dev:amd64 (7.0.0-38.38) ...
Selecting previously unselected package rpcsvc-proto.
Preparing to unpack .../02-rpcsvc-proto_1.4.3-1build1_amd64.deb ...
Unpacking rpcsvc-proto (1.4.3-1build1) ...
Selecting previously unselected package libc6-dev:amd64.
Preparing to unpack .../03-libc6-dev_2.43-2ubuntu2.4_amd64.deb ...
Unpacking libc6-dev:amd64 (2.43-2ubuntu2.4) ...
Selecting previously unselected package gcc-15-base:amd64.
Preparing to unpack .../04-gcc-15-base_15.2.0-16ubuntu1_amd64.deb ...
Unpacking gcc-15-base:amd64 (15.2.0-16ubuntu1) ...
Selecting previously unselected package libisl23:amd64.
Preparing to unpack .../05-libisl23_0.27-1build1_amd64.deb ...
Unpacking libisl23:amd64 (0.27-1build1) ...
Selecting previously unselected package libmpc3:amd64.
Preparing to unpack .../06-libmpc3_1.3.1-3_amd64.deb ...
Unpacking libmpc3:amd64 (1.3.1-3) ...
Selecting previously unselected package cpp-15-x86-64-linux-gnu.
Preparing to unpack .../07-cpp-15-x86-64-linux-gnu_15.2.0-16ubuntu1_amd64.deb ...
Unpacking cpp-15-x86-64-linux-gnu (15.2.0-16ubuntu1) ...
Selecting previously unselected package cpp-15.
Preparing to unpack .../08-cpp-15_15.2.0-16ubuntu1_amd64.deb ...
Unpacking cpp-15 (15.2.0-16ubuntu1) ...
Selecting previously unselected package cpp-x86-64-linux-gnu.
Preparing to unpack .../09-cpp-x86-64-linux-gnu_4%3a15.2.0-5ubuntu1_amd64.deb ...
Unpacking cpp-x86-64-linux-gnu (4:15.2.0-5ubuntu1) ...
Selecting previously unselected package cpp.
Preparing to unpack .../10-cpp_4%3a15.2.0-5ubuntu1_amd64.deb ...
Unpacking cpp (4:15.2.0-5ubuntu1) ...
Selecting previously unselected package libcc1-0:amd64.
Preparing to unpack .../11-libcc1-0_16-20260322-1ubuntu1_amd64.deb ...
Unpacking libcc1-0:amd64 (16-20260322-1ubuntu1) ...
Selecting previously unselected package libgomp1:amd64.
Preparing to unpack .../12-libgomp1_16-20260322-1ubuntu1_amd64.deb ...
Unpacking libgomp1:amd64 (16-20260322-1ubuntu1) ...
Selecting previously unselected package libitm1:amd64.
Preparing to unpack .../13-libitm1_16-20260322-1ubuntu1_amd64.deb ...
Unpacking libitm1:amd64 (16-20260322-1ubuntu1) ...
Selecting previously unselected package libasan8:amd64.
Preparing to unpack .../14-libasan8_16-20260322-1ubuntu1_amd64.deb ...
Unpacking libasan8:amd64 (16-20260322-1ubuntu1) ...
Selecting previously unselected package liblsan0:amd64.
Preparing to unpack .../15-liblsan0_16-20260322-1ubuntu1_amd64.deb ...
Unpacking liblsan0:amd64 (16-20260322-1ubuntu1) ...
Selecting previously unselected package libtsan2:amd64.
Preparing to unpack .../16-libtsan2_16-20260322-1ubuntu1_amd64.deb ...
Unpacking libtsan2:amd64 (16-20260322-1ubuntu1) ...
Selecting previously unselected package libubsan1:amd64.
Preparing to unpack .../17-libubsan1_16-20260322-1ubuntu1_amd64.deb ...
Unpacking libubsan1:amd64 (16-20260322-1ubuntu1) ...
Selecting previously unselected package libhwasan0:amd64.
Preparing to unpack .../18-libhwasan0_16-20260322-1ubuntu1_amd64.deb ...
Unpacking libhwasan0:amd64 (16-20260322-1ubuntu1) ...
Selecting previously unselected package libquadmath0:amd64.
Preparing to unpack .../19-libquadmath0_16-20260322-1ubuntu1_amd64.deb ...
Unpacking libquadmath0:amd64 (16-20260322-1ubuntu1) ...
Selecting previously unselected package libgcc-15-dev:amd64.
Preparing to unpack .../20-libgcc-15-dev_15.2.0-16ubuntu1_amd64.deb ...
Unpacking libgcc-15-dev:amd64 (15.2.0-16ubuntu1) ...
Selecting previously unselected package gcc-15-x86-64-linux-gnu.
Preparing to unpack .../21-gcc-15-x86-64-linux-gnu_15.2.0-16ubuntu1_amd64.deb ...
Unpacking gcc-15-x86-64-linux-gnu (15.2.0-16ubuntu1) ...
Selecting previously unselected package gcc-15.
Preparing to unpack .../22-gcc-15_15.2.0-16ubuntu1_amd64.deb ...
Unpacking gcc-15 (15.2.0-16ubuntu1) ...
Selecting previously unselected package gcc-x86-64-linux-gnu.
Preparing to unpack .../23-gcc-x86-64-linux-gnu_4%3a15.2.0-5ubuntu1_amd64.deb ...
Unpacking gcc-x86-64-linux-gnu (4:15.2.0-5ubuntu1) ...
Selecting previously unselected package gcc.
Preparing to unpack .../24-gcc_4%3a15.2.0-5ubuntu1_amd64.deb ...
Unpacking gcc (4:15.2.0-5ubuntu1) ...
Selecting previously unselected package libstdc++-15-dev:amd64.
Preparing to unpack .../25-libstdc++-15-dev_15.2.0-16ubuntu1_amd64.deb ...
Unpacking libstdc++-15-dev:amd64 (15.2.0-16ubuntu1) ...
Selecting previously unselected package g++-15-x86-64-linux-gnu.
Preparing to unpack .../26-g++-15-x86-64-linux-gnu_15.2.0-16ubuntu1_amd64.deb ...
Unpacking g++-15-x86-64-linux-gnu (15.2.0-16ubuntu1) ...
Selecting previously unselected package g++-15.
Preparing to unpack .../27-g++-15_15.2.0-16ubuntu1_amd64.deb ...
Unpacking g++-15 (15.2.0-16ubuntu1) ...
Selecting previously unselected package g++-x86-64-linux-gnu.
Preparing to unpack .../28-g++-x86-64-linux-gnu_4%3a15.2.0-5ubuntu1_amd64.deb ...
Unpacking g++-x86-64-linux-gnu (4:15.2.0-5ubuntu1) ...
Selecting previously unselected package g++.
Preparing to unpack .../29-g++_4%3a15.2.0-5ubuntu1_amd64.deb ...
Unpacking g++ (4:15.2.0-5ubuntu1) ...
Selecting previously unselected package make.
Preparing to unpack .../30-make_4.4.1-3_amd64.deb ...
Unpacking make (4.4.1-3) ...
Selecting previously unselected package libdpkg-perl.
Preparing to unpack .../31-libdpkg-perl_1.23.7ubuntu1_all.deb ...
Unpacking libdpkg-perl (1.23.7ubuntu1) ...
Selecting previously unselected package bzip2.
Preparing to unpack .../32-bzip2_1.0.8-6ubuntu0.1_amd64.deb ...
Unpacking bzip2 (1.0.8-6ubuntu0.1) ...
Selecting previously unselected package lto-disabled-list.
Preparing to unpack .../33-lto-disabled-list_79_all.deb ...
Unpacking lto-disabled-list (79) ...
Selecting previously unselected package dpkg-dev.
Preparing to unpack .../34-dpkg-dev_1.23.7ubuntu1_all.deb ...
Unpacking dpkg-dev (1.23.7ubuntu1) ...
Selecting previously unselected package libcrypt-dev:amd64.
Preparing to unpack .../35-libcrypt-dev_1%3a4.5.1-1_amd64.deb ...
Unpacking libcrypt-dev:amd64 (1:4.5.1-1) ...
Selecting previously unselected package build-essential.
Preparing to unpack .../36-build-essential_12.12ubuntu2.26.04.2_amd64.deb ...
Unpacking build-essential (12.12ubuntu2.26.04.2) ...
Selecting previously unselected package libfakeroot:amd64.
Preparing to unpack .../37-libfakeroot_1.37.2-1_amd64.deb ...
Unpacking libfakeroot:amd64 (1.37.2-1) ...
Selecting previously unselected package fakeroot.
Preparing to unpack .../38-fakeroot_1.37.2-1_amd64.deb ...
Unpacking fakeroot (1.37.2-1) ...
Selecting previously unselected package libalgorithm-diff-perl.
Preparing to unpack .../39-libalgorithm-diff-perl_1.201-1_all.deb ...
Unpacking libalgorithm-diff-perl (1.201-1) ...
Selecting previously unselected package libalgorithm-diff-xs-perl.
Preparing to unpack .../40-libalgorithm-diff-xs-perl_0.04-9_amd64.deb ...
Unpacking libalgorithm-diff-xs-perl (0.04-9) ...
Selecting previously unselected package libalgorithm-merge-perl.
Preparing to unpack .../41-libalgorithm-merge-perl_0.08-5_all.deb ...
Unpacking libalgorithm-merge-perl (0.08-5) ...
Selecting previously unselected package libexpat1-dev:amd64.
Preparing to unpack .../42-libexpat1-dev_2.7.4-1ubuntu0.2_amd64.deb ...
Unpacking libexpat1-dev:amd64 (2.7.4-1ubuntu0.2) ...
Selecting previously unselected package libfile-fcntllock-perl.
Preparing to unpack .../43-libfile-fcntllock-perl_0.22-4ubuntu6_amd64.deb ...
Unpacking libfile-fcntllock-perl (0.22-4ubuntu6) ...
Selecting previously unselected package zlib1g-dev:amd64.
Preparing to unpack .../44-zlib1g-dev_1%3a1.3.dfsg+really1.3.1-1ubuntu3.1_amd64.deb ...
Unpacking zlib1g-dev:amd64 (1:1.3.dfsg+really1.3.1-1ubuntu3.1) ...
Selecting previously unselected package libpython3.14-dev:amd64.
Preparing to unpack .../45-libpython3.14-dev_3.14.4-1ubuntu0.2_amd64.deb ...
Unpacking libpython3.14-dev:amd64 (3.14.4-1ubuntu0.2) ...
Selecting previously unselected package libpython3-dev:amd64.
Preparing to unpack .../46-libpython3-dev_3.14.3-0ubuntu2_amd64.deb ...
Unpacking libpython3-dev:amd64 (3.14.3-0ubuntu2) ...
Selecting previously unselected package manpages-dev.
Preparing to unpack .../47-manpages-dev_6.17-1_all.deb ...
Unpacking manpages-dev (6.17-1) ...
Selecting previously unselected package python3.14-dev.
Preparing to unpack .../48-python3.14-dev_3.14.4-1ubuntu0.2_amd64.deb ...
Unpacking python3.14-dev (3.14.4-1ubuntu0.2) ...
Selecting previously unselected package python3-dev.
Preparing to unpack .../49-python3-dev_3.14.3-0ubuntu2_amd64.deb ...
Unpacking python3-dev (3.14.3-0ubuntu2) ...
Selecting previously unselected package python3-wheel.
Preparing to unpack .../50-python3-wheel_0.46.3-2_all.deb ...
Unpacking python3-wheel (0.46.3-2) ...
Selecting previously unselected package python3-pip.
Preparing to unpack .../51-python3-pip_25.1.1+dfsg-1ubuntu2_all.deb ...
Unpacking python3-pip (25.1.1+dfsg-1ubuntu2) ...
Setting up manpages-dev (6.17-1) ...
Setting up lto-disabled-list (79) ...
Setting up libfile-fcntllock-perl (0.22-4ubuntu6) ...
Setting up libalgorithm-diff-perl (1.201-1) ...
Setting up linux-libc-dev:amd64 (7.0.0-38.38) ...
Setting up libgomp1:amd64 (16-20260322-1ubuntu1) ...
Setting up bzip2 (1.0.8-6ubuntu0.1) ...
Setting up python3-wheel (0.46.3-2) ...
Setting up libfakeroot:amd64 (1.37.2-1) ...
Setting up fakeroot (1.37.2-1) ...
update-alternatives: using /usr/bin/fakeroot-sysv to provide /usr/bin/fakeroot (fakeroot) in auto mode
Setting up rpcsvc-proto (1.4.3-1build1) ...
Setting up make (4.4.1-3) ...
Setting up libquadmath0:amd64 (16-20260322-1ubuntu1) ...
Setting up libmpc3:amd64 (1.3.1-3) ...
Setting up python3-pip (25.1.1+dfsg-1ubuntu2) ...
Setting up libdpkg-perl (1.23.7ubuntu1) ...
Setting up libubsan1:amd64 (16-20260322-1ubuntu1) ...
Setting up libhwasan0:amd64 (16-20260322-1ubuntu1) ...
Setting up libcrypt-dev:amd64 (1:4.5.1-1) ...
Setting up libasan8:amd64 (16-20260322-1ubuntu1) ...
Setting up libtsan2:amd64 (16-20260322-1ubuntu1) ...
Setting up libisl23:amd64 (0.27-1build1) ...
Setting up libc-dev-bin (2.43-2ubuntu2.4) ...
Setting up gcc-15-base:amd64 (15.2.0-16ubuntu1) ...
Setting up libalgorithm-diff-xs-perl (0.04-9) ...
Setting up libcc1-0:amd64 (16-20260322-1ubuntu1) ...
Setting up liblsan0:amd64 (16-20260322-1ubuntu1) ...
Setting up libitm1:amd64 (16-20260322-1ubuntu1) ...
Setting up libalgorithm-merge-perl (0.08-5) ...
Setting up libgcc-15-dev:amd64 (15.2.0-16ubuntu1) ...
Setting up cpp-15-x86-64-linux-gnu (15.2.0-16ubuntu1) ...
Setting up dpkg-dev (1.23.7ubuntu1) ...
Setting up gcc-15-x86-64-linux-gnu (15.2.0-16ubuntu1) ...
Setting up cpp-15 (15.2.0-16ubuntu1) ...
Setting up libc6-dev:amd64 (2.43-2ubuntu2.4) ...
Setting up cpp-x86-64-linux-gnu (4:15.2.0-5ubuntu1) ...
Setting up gcc-x86-64-linux-gnu (4:15.2.0-5ubuntu1) ...
Setting up gcc-15 (15.2.0-16ubuntu1) ...
Setting up libstdc++-15-dev:amd64 (15.2.0-16ubuntu1) ...
Setting up libexpat1-dev:amd64 (2.7.4-1ubuntu0.2) ...
Setting up zlib1g-dev:amd64 (1:1.3.dfsg+really1.3.1-1ubuntu3.1) ...
Setting up cpp (4:15.2.0-5ubuntu1) ...
Setting up libpython3.14-dev:amd64 (3.14.4-1ubuntu0.2) ...
Setting up g++-15-x86-64-linux-gnu (15.2.0-16ubuntu1) ...
Setting up libpython3-dev:amd64 (3.14.3-0ubuntu2) ...
Setting up python3.14-dev (3.14.4-1ubuntu0.2) ...
Setting up gcc (4:15.2.0-5ubuntu1) ...
Setting up python3-dev (3.14.3-0ubuntu2) ...
Setting up g++-x86-64-linux-gnu (4:15.2.0-5ubuntu1) ...
Setting up g++-15 (15.2.0-16ubuntu1) ...
Setting up g++ (4:15.2.0-5ubuntu1) ...
update-alternatives: using /usr/bin/g++ to provide /usr/bin/c++ (c++) in auto mode
Setting up build-essential (12.12ubuntu2.26.04.2) ...
Processing triggers for man-db (2.13.1-1build1) ...
Processing triggers for libc-bin (2.43-2ubuntu2.4) ...

WARNING: apt does not have a stable CLI interface. Use with caution in scripts.

Reading package lists...
Building dependency tree...
Reading state information...
Solving dependencies...
Installing:
  python3-venv

Installing dependencies:
  python3-pip-whl  python3-setuptools-whl  python3.14-venv

Summary:
  Upgrading: 0, Installing: 4, Removing: 0, Not Upgrading: 17
  Download size: 2610 kB
  Space needed: 2958 kB / 1022 GB available

Get:1 http://archive.ubuntu.com/ubuntu resolute/universe amd64 python3-pip-whl all 25.1.1+dfsg-1ubuntu2 [1430 kB]
Get:2 http://archive.ubuntu.com/ubuntu resolute/universe amd64 python3-setuptools-whl all 78.1.1-0.1build1 [1174 kB]
Get:3 http://archive.ubuntu.com/ubuntu resolute-updates/universe amd64 python3.14-venv amd64 3.14.4-1ubuntu0.2 [5356 B]
Get:4 http://archive.ubuntu.com/ubuntu resolute/universe amd64 python3-venv amd64 3.14.3-0ubuntu2 [1032 B]
perl: warning: Setting locale failed.
perl: warning: Please check that your locale settings:
	LANGUAGE = (unset),
	LC_ALL = (unset),
	LC_CTYPE = (unset),
	LC_NUMERIC = (unset),
	LC_COLLATE = (unset),
	LC_TIME = (unset),
	LC_MESSAGES = (unset),
	LC_MONETARY = (unset),
	LC_ADDRESS = (unset),
	LC_IDENTIFICATION = (unset),
	LC_MEASUREMENT = (unset),
	LC_PAPER = (unset),
	LC_TELEPHONE = (unset),
	LC_NAME = (unset),
	LANG = "en_US.UTF-8"
    are supported and installed on your system.
perl: warning: Falling back to the standard locale ("C").
locale: Cannot set LC_CTYPE to default locale: No such file or directory
locale: Cannot set LC_MESSAGES to default locale: No such file or directory
locale: Cannot set LC_ALL to default locale: No such file or directory
Fetched 2610 kB in 3s (802 kB/s)
Selecting previously unselected package python3-pip-whl.
(Reading database ... 
(Reading database ... 5%
(Reading database ... 10%
(Reading database ... 15%
(Reading database ... 20%
(Reading database ... 25%
(Reading database ... 30%
(Reading database ... 35%
(Reading database ... 40%
(Reading database ... 45%
(Reading database ... 50%
(Reading database ... 55%
(Reading database ... 60%
(Reading database ... 65%
(Reading database ... 70%
(Reading database ... 75%
(Reading database ... 80%
(Reading database ... 85%
(Reading database ... 90%
(Reading database ... 95%
(Reading database ... 100%
(Reading database ... 44011 files and directories currently installed.)
Preparing to unpack .../python3-pip-whl_25.1.1+dfsg-1ubuntu2_all.deb ...
Unpacking python3-pip-whl (25.1.1+dfsg-1ubuntu2) ...
Selecting previously unselected package python3-setuptools-whl.
Preparing to unpack .../python3-setuptools-whl_78.1.1-0.1build1_all.deb ...
Unpacking python3-setuptools-whl (78.1.1-0.1build1) ...
Selecting previously unselected package python3.14-venv.
Preparing to unpack .../python3.14-venv_3.14.4-1ubuntu0.2_amd64.deb ...
Unpacking python3.14-venv (3.14.4-1ubuntu0.2) ...
Selecting previously unselected package python3-venv.
Preparing to unpack .../python3-venv_3.14.3-0ubuntu2_amd64.deb ...
Unpacking python3-venv (3.14.3-0ubuntu2) ...
Setting up python3-setuptools-whl (78.1.1-0.1build1) ...
Setting up python3-pip-whl (25.1.1+dfsg-1ubuntu2) ...
Setting up python3.14-venv (3.14.4-1ubuntu0.2) ...
Setting up python3-venv (3.14.3-0ubuntu2) ...

WARNING: apt does not have a stable CLI interface. Use with caution in scripts.

Reading package lists...
Building dependency tree...
Reading state information...
python3-dev is already the newest version (3.14.3-0ubuntu2).
python3-dev set to manually installed.
Solving dependencies...
Summary:
  Upgrading: 0, Installing: 0, Removing: 0, Not Upgrading: 17

WARNING: apt does not have a stable CLI interface. Use with caution in scripts.

Reading package lists...
Building dependency tree...
Reading state information...
Solving dependencies...
Installing:
  expect

Installing dependencies:
  libtcl8.6  tcl-expect  tcl8.6

Suggested packages:
  tk8.6  tcl-tclreadline

Summary:
  Upgrading: 0, Installing: 4, Removing: 0, Not Upgrading: 17
  Download size: 1266 kB
  Space needed: 4808 kB / 1022 GB available

Get:1 http://archive.ubuntu.com/ubuntu resolute/main amd64 libtcl8.6 amd64 8.6.17+dfsg-1build1 [1003 kB]
Get:2 http://archive.ubuntu.com/ubuntu resolute/main amd64 tcl8.6 amd64 8.6.17+dfsg-1build1 [14.9 kB]
Get:3 http://archive.ubuntu.com/ubuntu resolute/universe amd64 tcl-expect amd64 5.45.4-4build1 [111 kB]
Get:4 http://archive.ubuntu.com/ubuntu resolute/universe amd64 expect amd64 5.45.4-4build1 [137 kB]
perl: warning: Setting locale failed.
perl: warning: Please check that your locale settings:
	LANGUAGE = (unset),
	LC_ALL = (unset),
	LC_CTYPE = (unset),
	LC_NUMERIC = (unset),
	LC_COLLATE = (unset),
	LC_TIME = (unset),
	LC_MESSAGES = (unset),
	LC_MONETARY = (unset),
	LC_ADDRESS = (unset),
	LC_IDENTIFICATION = (unset),
	LC_MEASUREMENT = (unset),
	LC_PAPER = (unset),
	LC_TELEPHONE = (unset),
	LC_NAME = (unset),
	LANG = "en_US.UTF-8"
    are supported and installed on your system.
perl: warning: Falling back to the standard locale ("C").
locale: Cannot set LC_CTYPE to default locale: No such file or directory
locale: Cannot set LC_MESSAGES to default locale: No such file or directory
locale: Cannot set LC_ALL to default locale: No such file or directory
Fetched 1266 kB in 4s (313 kB/s)
Selecting previously unselected package libtcl8.6:amd64.
(Reading database ... 
(Reading database ... 5%
(Reading database ... 10%
(Reading database ... 15%
(Reading database ... 20%
(Reading database ... 25%
(Reading database ... 30%
(Reading database ... 35%
(Reading database ... 40%
(Reading database ... 45%
(Reading database ... 50%
(Reading database ... 55%
(Reading database ... 60%
(Reading database ... 65%
(Reading database ... 70%
(Reading database ... 75%
(Reading database ... 80%
(Reading database ... 85%
(Reading database ... 90%
(Reading database ... 95%
(Reading database ... 100%
(Reading database ... 44028 files and directories currently installed.)
Preparing to unpack .../libtcl8.6_8.6.17+dfsg-1build1_amd64.deb ...
Unpacking libtcl8.6:amd64 (8.6.17+dfsg-1build1) ...
Selecting previously unselected package tcl8.6.
Preparing to unpack .../tcl8.6_8.6.17+dfsg-1build1_amd64.deb ...
Unpacking tcl8.6 (8.6.17+dfsg-1build1) ...
Selecting previously unselected package tcl-expect:amd64.
Preparing to unpack .../tcl-expect_5.45.4-4build1_amd64.deb ...
Unpacking tcl-expect:amd64 (5.45.4-4build1) ...
Selecting previously unselected package expect.
Preparing to unpack .../expect_5.45.4-4build1_amd64.deb ...
Unpacking expect (5.45.4-4build1) ...
Setting up libtcl8.6:amd64 (8.6.17+dfsg-1build1) ...
Setting up tcl8.6 (8.6.17+dfsg-1build1) ...
Setting up tcl-expect:amd64 (5.45.4-4build1) ...
Setting up expect (5.45.4-4build1) ...
Processing triggers for man-db (2.13.1-1build1) ...
Processing triggers for libc-bin (2.43-2ubuntu2.4) ...

WARNING: apt does not have a stable CLI interface. Use with caution in scripts.

Reading package lists...
Building dependency tree...
Reading state information...
Solving dependencies...
Installing:
  pv

Suggested packages:
  doc-base

Summary:
  Upgrading: 0, Installing: 1, Removing: 0, Not Upgrading: 17
  Download size: 97.0 kB
  Space needed: 225 kB / 1022 GB available

Get:1 http://archive.ubuntu.com/ubuntu resolute/main amd64 pv amd64 1.10.3-1 [97.0 kB]
perl: warning: Setting locale failed.
perl: warning: Please check that your locale settings:
	LANGUAGE = (unset),
	LC_ALL = (unset),
	LC_CTYPE = (unset),
	LC_NUMERIC = (unset),
	LC_COLLATE = (unset),
	LC_TIME = (unset),
	LC_MESSAGES = (unset),
	LC_MONETARY = (unset),
	LC_ADDRESS = (unset),
	LC_IDENTIFICATION = (unset),
	LC_MEASUREMENT = (unset),
	LC_PAPER = (unset),
	LC_TELEPHONE = (unset),
	LC_NAME = (unset),
	LANG = "en_US.UTF-8"
    are supported and installed on your system.
perl: warning: Falling back to the standard locale ("C").
locale: Cannot set LC_CTYPE to default locale: No such file or directory
locale: Cannot set LC_MESSAGES to default locale: No such file or directory
locale: Cannot set LC_ALL to default locale: No such file or directory
Fetched 97.0 kB in 1s (65.6 kB/s)
Selecting previously unselected package pv.
(Reading database ... 
(Reading database ... 5%
(Reading database ... 10%
(Reading database ... 15%
(Reading database ... 20%
(Reading database ... 25%
(Reading database ... 30%
(Reading database ... 35%
(Reading database ... 40%
(Reading database ... 45%
(Reading database ... 50%
(Reading database ... 55%
(Reading database ... 60%
(Reading database ... 65%
(Reading database ... 70%
(Reading database ... 75%
(Reading database ... 80%
(Reading database ... 85%
(Reading database ... 90%
(Reading database ... 95%
(Reading database ... 100%
(Reading database ... 44357 files and directories currently installed.)
Preparing to unpack .../archives/pv_1.10.3-1_amd64.deb ...
Unpacking pv (1.10.3-1) ...
Setting up pv (1.10.3-1) ...
Processing triggers for man-db (2.13.1-1build1) ...

WARNING: apt does not have a stable CLI interface. Use with caution in scripts.

Reading package lists...
Building dependency tree...
Reading state information...
bc is already the newest version (1.07.1-4build1).
bc set to manually installed.
Solving dependencies...
Summary:
  Upgrading: 0, Installing: 0, Removing: 0, Not Upgrading: 17

WARNING: apt does not have a stable CLI interface. Use with caution in scripts.

Reading package lists...
Building dependency tree...
Reading state information...
cron is already the newest version (3.0pl1-200ubuntu1).
cron set to manually installed.
Solving dependencies...
Summary:
  Upgrading: 0, Installing: 0, Removing: 0, Not Upgrading: 17

WARNING: apt does not have a stable CLI interface. Use with caution in scripts.

Reading package lists...
Building dependency tree...
Reading state information...
Solving dependencies...
Installing:
  net-tools

Summary:
  Upgrading: 0, Installing: 1, Removing: 0, Not Upgrading: 17
  Download size: 151 kB
  Space needed: 680 kB / 1022 GB available

Get:1 http://archive.ubuntu.com/ubuntu resolute/main amd64 net-tools amd64 2.10-2ubuntu1 [151 kB]
perl: warning: Setting locale failed.
perl: warning: Please check that your locale settings:
	LANGUAGE = (unset),
	LC_ALL = (unset),
	LC_CTYPE = (unset),
	LC_NUMERIC = (unset),
	LC_COLLATE = (unset),
	LC_TIME = (unset),
	LC_MESSAGES = (unset),
	LC_MONETARY = (unset),
	LC_ADDRESS = (unset),
	LC_IDENTIFICATION = (unset),
	LC_MEASUREMENT = (unset),
	LC_PAPER = (unset),
	LC_TELEPHONE = (unset),
	LC_NAME = (unset),
	LANG = "en_US.UTF-8"
    are supported and installed on your system.
perl: warning: Falling back to the standard locale ("C").
locale: Cannot set LC_CTYPE to default locale: No such file or directory
locale: Cannot set LC_MESSAGES to default locale: No such file or directory
locale: Cannot set LC_ALL to default locale: No such file or directory
Fetched 151 kB in 2s (82.0 kB/s)
Selecting previously unselected package net-tools.
(Reading database ... 
(Reading database ... 5%
(Reading database ... 10%
(Reading database ... 15%
(Reading database ... 20%
(Reading database ... 25%
(Reading database ... 30%
(Reading database ... 35%
(Reading database ... 40%
(Reading database ... 45%
(Reading database ... 50%
(Reading database ... 55%
(Reading database ... 60%
(Reading database ... 65%
(Reading database ... 70%
(Reading database ... 75%
(Reading database ... 80%
(Reading database ... 85%
(Reading database ... 90%
(Reading database ... 95%
(Reading database ... 100%
(Reading database ... 44367 files and directories currently installed.)
Preparing to unpack .../net-tools_2.10-2ubuntu1_amd64.deb ...
Unpacking net-tools (2.10-2ubuntu1) ...
Setting up net-tools (2.10-2ubuntu1) ...
Processing triggers for man-db (2.13.1-1build1) ...

WARNING: apt does not have a stable CLI interface. Use with caution in scripts.

Reading package lists...
Building dependency tree...
Reading state information...
Error: Unable to locate package libncurses5

WARNING: apt does not have a stable CLI interface. Use with caution in scripts.

Reading package lists...
Building dependency tree...
Reading state information...
Solving dependencies...
Installing:
  libncurses-dev

Installing dependencies:
  libncurses6

Suggested packages:
  ncurses-doc

Summary:
  Upgrading: 0, Installing: 2, Removing: 0, Not Upgrading: 17
  Download size: 503 kB
  Space needed: 2780 kB / 1022 GB available

Get:1 http://archive.ubuntu.com/ubuntu resolute/main amd64 libncurses6 amd64 6.6+20251231-1 [114 kB]
Get:2 http://archive.ubuntu.com/ubuntu resolute/main amd64 libncurses-dev amd64 6.6+20251231-1 [389 kB]
perl: warning: Setting locale failed.
perl: warning: Please check that your locale settings:
	LANGUAGE = (unset),
	LC_ALL = (unset),
	LC_CTYPE = (unset),
	LC_NUMERIC = (unset),
	LC_COLLATE = (unset),
	LC_TIME = (unset),
	LC_MESSAGES = (unset),
	LC_MONETARY = (unset),
	LC_ADDRESS = (unset),
	LC_IDENTIFICATION = (unset),
	LC_MEASUREMENT = (unset),
	LC_PAPER = (unset),
	LC_TELEPHONE = (unset),
	LC_NAME = (unset),
	LANG = "en_US.UTF-8"
    are supported and installed on your system.
perl: warning: Falling back to the standard locale ("C").
locale: Cannot set LC_CTYPE to default locale: No such file or directory
locale: Cannot set LC_MESSAGES to default locale: No such file or directory
locale: Cannot set LC_ALL to default locale: No such file or directory
Fetched 503 kB in 2s (219 kB/s)
Selecting previously unselected package libncurses6:amd64.
(Reading database ... 
(Reading database ... 5%
(Reading database ... 10%
(Reading database ... 15%
(Reading database ... 20%
(Reading database ... 25%
(Reading database ... 30%
(Reading database ... 35%
(Reading database ... 40%
(Reading database ... 45%
(Reading database ... 50%
(Reading database ... 55%
(Reading database ... 60%
(Reading database ... 65%
(Reading database ... 70%
(Reading database ... 75%
(Reading database ... 80%
(Reading database ... 85%
(Reading database ... 90%
(Reading database ... 95%
(Reading database ... 100%
(Reading database ... 44395 files and directories currently installed.)
Preparing to unpack .../libncurses6_6.6+20251231-1_amd64.deb ...
Unpacking libncurses6:amd64 (6.6+20251231-1) ...
Selecting previously unselected package libncurses-dev:amd64.
Preparing to unpack .../libncurses-dev_6.6+20251231-1_amd64.deb ...
Unpacking libncurses-dev:amd64 (6.6+20251231-1) ...
Setting up libncurses6:amd64 (6.6+20251231-1) ...
Setting up libncurses-dev:amd64 (6.6+20251231-1) ...
Processing triggers for man-db (2.13.1-1build1) ...
Processing triggers for libc-bin (2.43-2ubuntu2.4) ...

WARNING: apt does not have a stable CLI interface. Use with caution in scripts.

Reading package lists...
Building dependency tree...
Reading state information...
software-properties-common is already the newest version (0.120.1).
software-properties-common set to manually installed.
Solving dependencies...
Summary:
  Upgrading: 0, Installing: 0, Removing: 0, Not Upgrading: 17

WARNING: apt does not have a stable CLI interface. Use with caution in scripts.

Reading package lists...
Building dependency tree...
Reading state information...
bzip2 is already the newest version (1.0.8-6ubuntu0.1).
bzip2 set to manually installed.
Solving dependencies...
Summary:
  Upgrading: 0, Installing: 0, Removing: 0, Not Upgrading: 17

WARNING: apt does not have a stable CLI interface. Use with caution in scripts.

Reading package lists...
Building dependency tree...
Reading state information...
Solving dependencies...
Installing:
  7zip

Suggested packages:
  7zip-standalone  7zip-rar

Summary:
  Upgrading: 0, Installing: 1, Removing: 0, Not Upgrading: 17
  Download size: 2009 kB
  Space needed: 6793 kB / 1022 GB available

Get:1 http://archive.ubuntu.com/ubuntu resolute/universe amd64 7zip amd64 26.00+dfsg-1 [2009 kB]
perl: warning: Setting locale failed.
perl: warning: Please check that your locale settings:
	LANGUAGE = (unset),
	LC_ALL = (unset),
	LC_CTYPE = (unset),
	LC_NUMERIC = (unset),
	LC_COLLATE = (unset),
	LC_TIME = (unset),
	LC_MESSAGES = (unset),
	LC_MONETARY = (unset),
	LC_ADDRESS = (unset),
	LC_IDENTIFICATION = (unset),
	LC_MEASUREMENT = (unset),
	LC_PAPER = (unset),
	LC_TELEPHONE = (unset),
	LC_NAME = (unset),
	LANG = "en_US.UTF-8"
    are supported and installed on your system.
perl: warning: Falling back to the standard locale ("C").
locale: Cannot set LC_CTYPE to default locale: No such file or directory
locale: Cannot set LC_MESSAGES to default locale: No such file or directory
locale: Cannot set LC_ALL to default locale: No such file or directory
Fetched 2009 kB in 3s (712 kB/s)
Selecting previously unselected package 7zip.
(Reading database ... 
(Reading database ... 5%
(Reading database ... 10%
(Reading database ... 15%
(Reading database ... 20%
(Reading database ... 25%
(Reading database ... 30%
(Reading database ... 35%
(Reading database ... 40%
(Reading database ... 45%
(Reading database ... 50%
(Reading database ... 55%
(Reading database ... 60%
(Reading database ... 65%
(Reading database ... 70%
(Reading database ... 75%
(Reading database ... 80%
(Reading database ... 85%
(Reading database ... 90%
(Reading database ... 95%
(Reading database ... 100%
(Reading database ... 44485 files and directories currently installed.)
Preparing to unpack .../7zip_26.00+dfsg-1_amd64.deb ...
Unpacking 7zip (26.00+dfsg-1) ...
Setting up 7zip (26.00+dfsg-1) ...
Processing triggers for man-db (2.13.1-1build1) ...

WARNING: apt does not have a stable CLI interface. Use with caution in scripts.

Reading package lists...
Building dependency tree...
Reading state information...
Solving dependencies...
Installing:
  libnuma1

Summary:
  Upgrading: 0, Installing: 1, Removing: 0, Not Upgrading: 17
  Download size: 23.7 kB
  Space needed: 72.7 kB / 1022 GB available

Get:1 http://archive.ubuntu.com/ubuntu resolute/main amd64 libnuma1 amd64 2.0.19-1build1 [23.7 kB]
perl: warning: Setting locale failed.
perl: warning: Please check that your locale settings:
	LANGUAGE = (unset),
	LC_ALL = (unset),
	LC_CTYPE = (unset),
	LC_NUMERIC = (unset),
	LC_COLLATE = (unset),
	LC_TIME = (unset),
	LC_MESSAGES = (unset),
	LC_MONETARY = (unset),
	LC_ADDRESS = (unset),
	LC_IDENTIFICATION = (unset),
	LC_MEASUREMENT = (unset),
	LC_PAPER = (unset),
	LC_TELEPHONE = (unset),
	LC_NAME = (unset),
	LANG = "en_US.UTF-8"
    are supported and installed on your system.
perl: warning: Falling back to the standard locale ("C").
locale: Cannot set LC_CTYPE to default locale: No such file or directory
locale: Cannot set LC_MESSAGES to default locale: No such file or directory
locale: Cannot set LC_ALL to default locale: No such file or directory
Fetched 23.7 kB in 1s (24.0 kB/s)
Selecting previously unselected package libnuma1:amd64.
(Reading database ... 
(Reading database ... 5%
(Reading database ... 10%
(Reading database ... 15%
(Reading database ... 20%
(Reading database ... 25%
(Reading database ... 30%
(Reading database ... 35%
(Reading database ... 40%
(Reading database ... 45%
(Reading database ... 50%
(Reading database ... 55%
(Reading database ... 60%
(Reading database ... 65%
(Reading database ... 70%
(Reading database ... 75%
(Reading database ... 80%
(Reading database ... 85%
(Reading database ... 90%
(Reading database ... 95%
(Reading database ... 100%
(Reading database ... 44509 files and directories currently installed.)
Preparing to unpack .../libnuma1_2.0.19-1build1_amd64.deb ...
Unpacking libnuma1:amd64 (2.0.19-1build1) ...
Setting up libnuma1:amd64 (2.0.19-1build1) ...
Processing triggers for libc-bin (2.43-2ubuntu2.4) ...

WARNING: apt does not have a stable CLI interface. Use with caution in scripts.

Reading package lists...
Building dependency tree...
Reading state information...
Error: Unable to locate package libaio1

WARNING: apt does not have a stable CLI interface. Use with caution in scripts.

Reading package lists...
Building dependency tree...
Reading state information...
Solving dependencies...
Installing:
  libaio-dev

Installing dependencies:
  libaio1t64

Summary:
  Upgrading: 0, Installing: 2, Removing: 0, Not Upgrading: 17
  Download size: 28.7 kB
  Space needed: 117 kB / 1022 GB available

Get:1 http://archive.ubuntu.com/ubuntu resolute/main amd64 libaio1t64 amd64 0.3.113-8build1 [7356 B]
Get:2 http://archive.ubuntu.com/ubuntu resolute/main amd64 libaio-dev amd64 0.3.113-8build1 [21.3 kB]
perl: warning: Setting locale failed.
perl: warning: Please check that your locale settings:
	LANGUAGE = (unset),
	LC_ALL = (unset),
	LC_CTYPE = (unset),
	LC_NUMERIC = (unset),
	LC_COLLATE = (unset),
	LC_TIME = (unset),
	LC_MESSAGES = (unset),
	LC_MONETARY = (unset),
	LC_ADDRESS = (unset),
	LC_IDENTIFICATION = (unset),
	LC_MEASUREMENT = (unset),
	LC_PAPER = (unset),
	LC_TELEPHONE = (unset),
	LC_NAME = (unset),
	LANG = "en_US.UTF-8"
    are supported and installed on your system.
perl: warning: Falling back to the standard locale ("C").
locale: Cannot set LC_CTYPE to default locale: No such file or directory
locale: Cannot set LC_MESSAGES to default locale: No such file or directory
locale: Cannot set LC_ALL to default locale: No such file or directory
Fetched 28.7 kB in 1s (27.8 kB/s)
Selecting previously unselected package libaio1t64:amd64.
(Reading database ... 
(Reading database ... 5%
(Reading database ... 10%
(Reading database ... 15%
(Reading database ... 20%
(Reading database ... 25%
(Reading database ... 30%
(Reading database ... 35%
(Reading database ... 40%
(Reading database ... 45%
(Reading database ... 50%
(Reading database ... 55%
(Reading database ... 60%
(Reading database ... 65%
(Reading database ... 70%
(Reading database ... 75%
(Reading database ... 80%
(Reading database ... 85%
(Reading database ... 90%
(Reading database ... 95%
(Reading database ... 100%
(Reading database ... 44514 files and directories currently installed.)
Preparing to unpack .../libaio1t64_0.3.113-8build1_amd64.deb ...
Unpacking libaio1t64:amd64 (0.3.113-8build1) ...
Selecting previously unselected package libaio-dev:amd64.
Preparing to unpack .../libaio-dev_0.3.113-8build1_amd64.deb ...
Unpacking libaio-dev:amd64 (0.3.113-8build1) ...
Setting up libaio1t64:amd64 (0.3.113-8build1) ...
Setting up libaio-dev:amd64 (0.3.113-8build1) ...
Processing triggers for libc-bin (2.43-2ubuntu2.4) ...
Processing triggers for man-db (2.13.1-1build1) ...

WARNING: apt does not have a stable CLI interface. Use with caution in scripts.

Reading package lists...
Building dependency tree...
Reading state information...
Solving dependencies...
Installing:
  libmecab2

Summary:
  Upgrading: 0, Installing: 1, Removing: 0, Not Upgrading: 17
  Download size: 205 kB
  Space needed: 887 kB / 1022 GB available

Get:1 http://archive.ubuntu.com/ubuntu resolute/main amd64 libmecab2 amd64 0.996-15.1build4 [205 kB]
perl: warning: Setting locale failed.
perl: warning: Please check that your locale settings:
	LANGUAGE = (unset),
	LC_ALL = (unset),
	LC_CTYPE = (unset),
	LC_NUMERIC = (unset),
	LC_COLLATE = (unset),
	LC_TIME = (unset),
	LC_MESSAGES = (unset),
	LC_MONETARY = (unset),
	LC_ADDRESS = (unset),
	LC_IDENTIFICATION = (unset),
	LC_MEASUREMENT = (unset),
	LC_PAPER = (unset),
	LC_TELEPHONE = (unset),
	LC_NAME = (unset),
	LANG = "en_US.UTF-8"
    are supported and installed on your system.
perl: warning: Falling back to the standard locale ("C").
locale: Cannot set LC_CTYPE to default locale: No such file or directory
locale: Cannot set LC_MESSAGES to default locale: No such file or directory
locale: Cannot set LC_ALL to default locale: No such file or directory
Fetched 205 kB in 2s (85.3 kB/s)
Selecting previously unselected package libmecab2:amd64.
(Reading database ... 
(Reading database ... 5%
(Reading database ... 10%
(Reading database ... 15%
(Reading database ... 20%
(Reading database ... 25%
(Reading database ... 30%
(Reading database ... 35%
(Reading database ... 40%
(Reading database ... 45%
(Reading database ... 50%
(Reading database ... 55%
(Reading database ... 60%
(Reading database ... 65%
(Reading database ... 70%
(Reading database ... 75%
(Reading database ... 80%
(Reading database ... 85%
(Reading database ... 90%
(Reading database ... 95%
(Reading database ... 100%
(Reading database ... 44538 files and directories currently installed.)
Preparing to unpack .../libmecab2_0.996-15.1build4_amd64.deb ...
Unpacking libmecab2:amd64 (0.996-15.1build4) ...
Setting up libmecab2:amd64 (0.996-15.1build4) ...
Processing triggers for libc-bin (2.43-2ubuntu2.4) ...

WARNING: apt does not have a stable CLI interface. Use with caution in scripts.

Reading package lists...
Building dependency tree...
Reading state information...
Solving dependencies...
Installing:
  numactl

Summary:
  Upgrading: 0, Installing: 1, Removing: 0, Not Upgrading: 17
  Download size: 38.9 kB
  Space needed: 147 kB / 1022 GB available

Get:1 http://archive.ubuntu.com/ubuntu resolute/main amd64 numactl amd64 2.0.19-1build1 [38.9 kB]
perl: warning: Setting locale failed.
perl: warning: Please check that your locale settings:
	LANGUAGE = (unset),
	LC_ALL = (unset),
	LC_CTYPE = (unset),
	LC_NUMERIC = (unset),
	LC_COLLATE = (unset),
	LC_TIME = (unset),
	LC_MESSAGES = (unset),
	LC_MONETARY = (unset),
	LC_ADDRESS = (unset),
	LC_IDENTIFICATION = (unset),
	LC_MEASUREMENT = (unset),
	LC_PAPER = (unset),
	LC_TELEPHONE = (unset),
	LC_NAME = (unset),
	LANG = "en_US.UTF-8"
    are supported and installed on your system.
perl: warning: Falling back to the standard locale ("C").
locale: Cannot set LC_CTYPE to default locale: No such file or directory
locale: Cannot set LC_MESSAGES to default locale: No such file or directory
locale: Cannot set LC_ALL to default locale: No such file or directory
Fetched 38.9 kB in 1s (32.4 kB/s)
Selecting previously unselected package numactl.
(Reading database ... 
(Reading database ... 5%
(Reading database ... 10%
(Reading database ... 15%
(Reading database ... 20%
(Reading database ... 25%
(Reading database ... 30%
(Reading database ... 35%
(Reading database ... 40%
(Reading database ... 45%
(Reading database ... 50%
(Reading database ... 55%
(Reading database ... 60%
(Reading database ... 65%
(Reading database ... 70%
(Reading database ... 75%
(Reading database ... 80%
(Reading database ... 85%
(Reading database ... 90%
(Reading database ... 95%
(Reading database ... 100%
(Reading database ... 44544 files and directories currently installed.)
Preparing to unpack .../numactl_2.0.19-1build1_amd64.deb ...
Unpacking numactl (2.0.19-1build1) ...
Setting up numactl (2.0.19-1build1) ...
Processing triggers for man-db (2.13.1-1build1) ...

WARNING: apt does not have a stable CLI interface. Use with caution in scripts.

Reading package lists...
Building dependency tree...
Reading state information...
libaio1t64 is already the newest version (0.3.113-8build1).
libaio1t64 set to manually installed.
Solving dependencies...
Summary:
  Upgrading: 0, Installing: 0, Removing: 0, Not Upgrading: 17

WARNING: apt does not have a stable CLI interface. Use with caution in scripts.

Reading package lists...
Building dependency tree...
Reading state information...
Solving dependencies...
Installing:
  libmm-dev

Installing dependencies:
  libmm14

Summary:
  Upgrading: 0, Installing: 2, Removing: 0, Not Upgrading: 17
  Download size: 37.0 kB
  Space needed: 132 kB / 1022 GB available

Get:1 http://archive.ubuntu.com/ubuntu resolute/universe amd64 libmm14 amd64 1.4.2-7build1 [10.2 kB]
Get:2 http://archive.ubuntu.com/ubuntu resolute/universe amd64 libmm-dev amd64 1.4.2-7build1 [26.8 kB]
perl: warning: Setting locale failed.
perl: warning: Please check that your locale settings:
	LANGUAGE = (unset),
	LC_ALL = (unset),
	LC_CTYPE = (unset),
	LC_NUMERIC = (unset),
	LC_COLLATE = (unset),
	LC_TIME = (unset),
	LC_MESSAGES = (unset),
	LC_MONETARY = (unset),
	LC_ADDRESS = (unset),
	LC_IDENTIFICATION = (unset),
	LC_MEASUREMENT = (unset),
	LC_PAPER = (unset),
	LC_TELEPHONE = (unset),
	LC_NAME = (unset),
	LANG = "en_US.UTF-8"
    are supported and installed on your system.
perl: warning: Falling back to the standard locale ("C").
locale: Cannot set LC_CTYPE to default locale: No such file or directory
locale: Cannot set LC_MESSAGES to default locale: No such file or directory
locale: Cannot set LC_ALL to default locale: No such file or directory
Fetched 37.0 kB in 1s (25.1 kB/s)
Selecting previously unselected package libmm14.
(Reading database ... 
(Reading database ... 5%
(Reading database ... 10%
(Reading database ... 15%
(Reading database ... 20%
(Reading database ... 25%
(Reading database ... 30%
(Reading database ... 35%
(Reading database ... 40%
(Reading database ... 45%
(Reading database ... 50%
(Reading database ... 55%
(Reading database ... 60%
(Reading database ... 65%
(Reading database ... 70%
(Reading database ... 75%
(Reading database ... 80%
(Reading database ... 85%
(Reading database ... 90%
(Reading database ... 95%
(Reading database ... 100%
(Reading database ... 44558 files and directories currently installed.)
Preparing to unpack .../libmm14_1.4.2-7build1_amd64.deb ...
Unpacking libmm14 (1.4.2-7build1) ...
Selecting previously unselected package libmm-dev.
Preparing to unpack .../libmm-dev_1.4.2-7build1_amd64.deb ...
Unpacking libmm-dev (1.4.2-7build1) ...
Setting up libmm14 (1.4.2-7build1) ...
Setting up libmm-dev (1.4.2-7build1) ...
Processing triggers for man-db (2.13.1-1build1) ...
Processing triggers for libc-bin (2.43-2ubuntu2.4) ...

WARNING: apt does not have a stable CLI interface. Use with caution in scripts.

Reading package lists...
Building dependency tree...
Reading state information...
Solving dependencies...
Installing:
  bind9-dnsutils

Installing dependencies:
  bind9-host  bind9-libs  liblmdb0  libmaxminddb0  liburcu8t64  libuv1t64

Suggested packages:
  mmdb-bin

Summary:
  Upgrading: 0, Installing: 7, Removing: 0, Not Upgrading: 17
  Download size: 1762 kB
  Space needed: 5092 kB / 1022 GB available

Get:1 http://archive.ubuntu.com/ubuntu resolute/main amd64 liblmdb0 amd64 0.9.31-1build2 [49.5 kB]
Get:2 http://archive.ubuntu.com/ubuntu resolute/main amd64 libmaxminddb0 amd64 1.12.2-1build2 [18.9 kB]
Get:3 http://archive.ubuntu.com/ubuntu resolute/main amd64 liburcu8t64 amd64 0.15.6-1 [64.7 kB]
Get:4 http://archive.ubuntu.com/ubuntu resolute/main amd64 libuv1t64 amd64 1.51.0-2ubuntu1 [103 kB]
Get:5 http://archive.ubuntu.com/ubuntu resolute-updates/main amd64 bind9-libs amd64 1:9.20.24-1ubuntu0.3 [1313 kB]
Get:6 http://archive.ubuntu.com/ubuntu resolute-updates/main amd64 bind9-host amd64 1:9.20.24-1ubuntu0.3 [49.7 kB]
Get:7 http://archive.ubuntu.com/ubuntu resolute-updates/main amd64 bind9-dnsutils amd64 1:9.20.24-1ubuntu0.3 [164 kB]
perl: warning: Setting locale failed.
perl: warning: Please check that your locale settings:
	LANGUAGE = (unset),
	LC_ALL = (unset),
	LC_CTYPE = (unset),
	LC_NUMERIC = (unset),
	LC_COLLATE = (unset),
	LC_TIME = (unset),
	LC_MESSAGES = (unset),
	LC_MONETARY = (unset),
	LC_ADDRESS = (unset),
	LC_IDENTIFICATION = (unset),
	LC_MEASUREMENT = (unset),
	LC_PAPER = (unset),
	LC_TELEPHONE = (unset),
	LC_NAME = (unset),
	LANG = "en_US.UTF-8"
    are supported and installed on your system.
perl: warning: Falling back to the standard locale ("C").
locale: Cannot set LC_CTYPE to default locale: No such file or directory
locale: Cannot set LC_MESSAGES to default locale: No such file or directory
locale: Cannot set LC_ALL to default locale: No such file or directory
Fetched 1762 kB in 4s (430 kB/s)
Selecting previously unselected package liblmdb0:amd64.
(Reading database ... 
(Reading database ... 5%
(Reading database ... 10%
(Reading database ... 15%
(Reading database ... 20%
(Reading database ... 25%
(Reading database ... 30%
(Reading database ... 35%
(Reading database ... 40%
(Reading database ... 45%
(Reading database ... 50%
(Reading database ... 55%
(Reading database ... 60%
(Reading database ... 65%
(Reading database ... 70%
(Reading database ... 75%
(Reading database ... 80%
(Reading database ... 85%
(Reading database ... 90%
(Reading database ... 95%
(Reading database ... 100%
(Reading database ... 44575 files and directories currently installed.)
Preparing to unpack .../0-liblmdb0_0.9.31-1build2_amd64.deb ...
Unpacking liblmdb0:amd64 (0.9.31-1build2) ...
Selecting previously unselected package libmaxminddb0:amd64.
Preparing to unpack .../1-libmaxminddb0_1.12.2-1build2_amd64.deb ...
Unpacking libmaxminddb0:amd64 (1.12.2-1build2) ...
Selecting previously unselected package liburcu8t64:amd64.
Preparing to unpack .../2-liburcu8t64_0.15.6-1_amd64.deb ...
Unpacking liburcu8t64:amd64 (0.15.6-1) ...
Selecting previously unselected package libuv1t64:amd64.
Preparing to unpack .../3-libuv1t64_1.51.0-2ubuntu1_amd64.deb ...
Unpacking libuv1t64:amd64 (1.51.0-2ubuntu1) ...
Selecting previously unselected package bind9-libs:amd64.
Preparing to unpack .../4-bind9-libs_1%3a9.20.24-1ubuntu0.3_amd64.deb ...
Unpacking bind9-libs:amd64 (1:9.20.24-1ubuntu0.3) ...
Selecting previously unselected package bind9-host.
Preparing to unpack .../5-bind9-host_1%3a9.20.24-1ubuntu0.3_amd64.deb ...
Unpacking bind9-host (1:9.20.24-1ubuntu0.3) ...
Selecting previously unselected package bind9-dnsutils.
Preparing to unpack .../6-bind9-dnsutils_1%3a9.20.24-1ubuntu0.3_amd64.deb ...
Unpacking bind9-dnsutils (1:9.20.24-1ubuntu0.3) ...
Setting up liblmdb0:amd64 (0.9.31-1build2) ...
Setting up liburcu8t64:amd64 (0.15.6-1) ...
Setting up libmaxminddb0:amd64 (1.12.2-1build2) ...
Setting up libuv1t64:amd64 (1.51.0-2ubuntu1) ...
Setting up bind9-libs:amd64 (1:9.20.24-1ubuntu0.3) ...
Setting up bind9-host (1:9.20.24-1ubuntu0.3) ...
Setting up bind9-dnsutils (1:9.20.24-1ubuntu0.3) ...
Processing triggers for man-db (2.13.1-1build1) ...
Processing triggers for libc-bin (2.43-2ubuntu2.4) ...

WARNING: apt does not have a stable CLI interface. Use with caution in scripts.

Reading package lists...
Building dependency tree...
Reading state information...
numactl is already the newest version (2.0.19-1build1).
Solving dependencies...
Summary:
  Upgrading: 0, Installing: 0, Removing: 0, Not Upgrading: 17

WARNING: apt does not have a stable CLI interface. Use with caution in scripts.

Reading package lists...
Building dependency tree...
Reading state information...
xxd is already the newest version (2:9.1.2141-1ubuntu4.9).
xxd set to manually installed.
Solving dependencies...
Summary:
  Upgrading: 0, Installing: 0, Removing: 0, Not Upgrading: 17

WARNING: apt does not have a stable CLI interface. Use with caution in scripts.

Reading package lists...
Building dependency tree...
Reading state information...
Solving dependencies...
Installing:
  libprotobuf-dev

Installing dependencies:
  libprotobuf-lite32t64  libprotobuf32t64

Summary:
  Upgrading: 0, Installing: 3, Removing: 0, Not Upgrading: 17
  Download size: 2649 kB
  Space needed: 16.4 MB / 1022 GB available

Get:1 http://archive.ubuntu.com/ubuntu resolute/main amd64 libprotobuf-lite32t64 amd64 3.21.12-15ubuntu1 [251 kB]
Get:2 http://archive.ubuntu.com/ubuntu resolute/main amd64 libprotobuf32t64 amd64 3.21.12-15ubuntu1 [955 kB]
Get:3 http://archive.ubuntu.com/ubuntu resolute/main amd64 libprotobuf-dev amd64 3.21.12-15ubuntu1 [1443 kB]
perl: warning: Setting locale failed.
perl: warning: Please check that your locale settings:
	LANGUAGE = (unset),
	LC_ALL = (unset),
	LC_CTYPE = (unset),
	LC_NUMERIC = (unset),
	LC_COLLATE = (unset),
	LC_TIME = (unset),
	LC_MESSAGES = (unset),
	LC_MONETARY = (unset),
	LC_ADDRESS = (unset),
	LC_IDENTIFICATION = (unset),
	LC_MEASUREMENT = (unset),
	LC_PAPER = (unset),
	LC_TELEPHONE = (unset),
	LC_NAME = (unset),
	LANG = "en_US.UTF-8"
    are supported and installed on your system.
perl: warning: Falling back to the standard locale ("C").
locale: Cannot set LC_CTYPE to default locale: No such file or directory
locale: Cannot set LC_MESSAGES to default locale: No such file or directory
locale: Cannot set LC_ALL to default locale: No such file or directory
Fetched 2649 kB in 4s (699 kB/s)
Selecting previously unselected package libprotobuf-lite32t64:amd64.
(Reading database ... 
(Reading database ... 5%
(Reading database ... 10%
(Reading database ... 15%
(Reading database ... 20%
(Reading database ... 25%
(Reading database ... 30%
(Reading database ... 35%
(Reading database ... 40%
(Reading database ... 45%
(Reading database ... 50%
(Reading database ... 55%
(Reading database ... 60%
(Reading database ... 65%
(Reading database ... 70%
(Reading database ... 75%
(Reading database ... 80%
(Reading database ... 85%
(Reading database ... 90%
(Reading database ... 95%
(Reading database ... 100%
(Reading database ... 44636 files and directories currently installed.)
Preparing to unpack .../libprotobuf-lite32t64_3.21.12-15ubuntu1_amd64.deb ...
Unpacking libprotobuf-lite32t64:amd64 (3.21.12-15ubuntu1) ...
Selecting previously unselected package libprotobuf32t64:amd64.
Preparing to unpack .../libprotobuf32t64_3.21.12-15ubuntu1_amd64.deb ...
Unpacking libprotobuf32t64:amd64 (3.21.12-15ubuntu1) ...
Selecting previously unselected package libprotobuf-dev:amd64.
Preparing to unpack .../libprotobuf-dev_3.21.12-15ubuntu1_amd64.deb ...
Unpacking libprotobuf-dev:amd64 (3.21.12-15ubuntu1) ...
Setting up libprotobuf-lite32t64:amd64 (3.21.12-15ubuntu1) ...
Setting up libprotobuf32t64:amd64 (3.21.12-15ubuntu1) ...
Setting up libprotobuf-dev:amd64 (3.21.12-15ubuntu1) ...
Processing triggers for libc-bin (2.43-2ubuntu2.4) ...

WARNING: apt does not have a stable CLI interface. Use with caution in scripts.

Reading package lists...
Building dependency tree...
Reading state information...
Solving dependencies...
Installing:
  protobuf-compiler

Installing dependencies:
  libprotoc32t64

Suggested packages:
  protobuf-mode-el

Summary:
  Upgrading: 0, Installing: 2, Removing: 0, Not Upgrading: 17
  Download size: 731 kB
  Space needed: 2524 kB / 1022 GB available

Get:1 http://archive.ubuntu.com/ubuntu resolute/main amd64 libprotoc32t64 amd64 3.21.12-15ubuntu1 [702 kB]
Get:2 http://archive.ubuntu.com/ubuntu resolute/universe amd64 protobuf-compiler amd64 3.21.12-15ubuntu1 [29.1 kB]
perl: warning: Setting locale failed.
perl: warning: Please check that your locale settings:
	LANGUAGE = (unset),
	LC_ALL = (unset),
	LC_CTYPE = (unset),
	LC_NUMERIC = (unset),
	LC_COLLATE = (unset),
	LC_TIME = (unset),
	LC_MESSAGES = (unset),
	LC_MONETARY = (unset),
	LC_ADDRESS = (unset),
	LC_IDENTIFICATION = (unset),
	LC_MEASUREMENT = (unset),
	LC_PAPER = (unset),
	LC_TELEPHONE = (unset),
	LC_NAME = (unset),
	LANG = "en_US.UTF-8"
    are supported and installed on your system.
perl: warning: Falling back to the standard locale ("C").
locale: Cannot set LC_CTYPE to default locale: No such file or directory
locale: Cannot set LC_MESSAGES to default locale: No such file or directory
locale: Cannot set LC_ALL to default locale: No such file or directory
Fetched 731 kB in 3s (271 kB/s)
Selecting previously unselected package libprotoc32t64:amd64.
(Reading database ... 
(Reading database ... 5%
(Reading database ... 10%
(Reading database ... 15%
(Reading database ... 20%
(Reading database ... 25%
(Reading database ... 30%
(Reading database ... 35%
(Reading database ... 40%
(Reading database ... 45%
(Reading database ... 50%
(Reading database ... 55%
(Reading database ... 60%
(Reading database ... 65%
(Reading database ... 70%
(Reading database ... 75%
(Reading database ... 80%
(Reading database ... 85%
(Reading database ... 90%
(Reading database ... 95%
(Reading database ... 100%
(Reading database ... 44764 files and directories currently installed.)
Preparing to unpack .../libprotoc32t64_3.21.12-15ubuntu1_amd64.deb ...
Unpacking libprotoc32t64:amd64 (3.21.12-15ubuntu1) ...
Selecting previously unselected package protobuf-compiler.
Preparing to unpack .../protobuf-compiler_3.21.12-15ubuntu1_amd64.deb ...
Unpacking protobuf-compiler (3.21.12-15ubuntu1) ...
Setting up libprotoc32t64:amd64 (3.21.12-15ubuntu1) ...
Setting up protobuf-compiler (3.21.12-15ubuntu1) ...
Processing triggers for man-db (2.13.1-1build1) ...
Processing triggers for libc-bin (2.43-2ubuntu2.4) ...

WARNING: apt does not have a stable CLI interface. Use with caution in scripts.

Reading package lists...
Building dependency tree...
Reading state information...
Solving dependencies...
Installing:
  libboost-dev

Installing dependencies:
  libboost1.90-dev

Suggested packages:
  libboost-doc                     libboost-mpi-python1.90-dev
  libboost1.90-doc                 libboost-mpi1.90-dev
  libboost-atomic1.90-dev          libboost-nowide1.90-dev
  libboost-chrono1.90-dev          libboost-numpy1.90-dev
  libboost-container1.90-dev       libboost-program-options1.90-dev
  libboost-context1.90-dev         libboost-python1.90-dev
  libboost-contract1.90-dev        libboost-random1.90-dev
  libboost-coroutine1.90-dev       libboost-regex1.90-dev
  libboost-date-time1.90-dev       libboost-serialization1.90-dev
  libboost-exception1.90-dev       libboost-stacktrace1.90-dev
  libboost-fiber1.90-dev           libboost-test1.90-dev
  libboost-filesystem1.90-dev      libboost-thread1.90-dev
  libboost-graph-parallel1.90-dev  libboost-timer1.90-dev
  libboost-graph1.90-dev           libboost-type-erasure1.90-dev
  libboost-iostreams1.90-dev       libboost-url1.90-dev
  libboost-json1.90-dev            libboost-wave1.90-dev
  libboost-locale1.90-dev          libboost1.90-tools-dev
  libboost-log1.90-dev             libmpfrc++-dev
  libboost-math1.90-dev            libntl-dev

Summary:
  Upgrading: 0, Installing: 2, Removing: 0, Not Upgrading: 17
  Download size: 11.5 MB
  Space needed: 162 MB / 1022 GB available

Get:1 http://archive.ubuntu.com/ubuntu resolute/main amd64 libboost1.90-dev amd64 1.90.0-6ubuntu1 [11.5 MB]
Get:2 http://archive.ubuntu.com/ubuntu resolute/main amd64 libboost-dev amd64 1.90.0.1ubuntu3 [3552 B]
perl: warning: Setting locale failed.
perl: warning: Please check that your locale settings:
	LANGUAGE = (unset),
	LC_ALL = (unset),
	LC_CTYPE = (unset),
	LC_NUMERIC = (unset),
	LC_COLLATE = (unset),
	LC_TIME = (unset),
	LC_MESSAGES = (unset),
	LC_MONETARY = (unset),
	LC_ADDRESS = (unset),
	LC_IDENTIFICATION = (unset),
	LC_MEASUREMENT = (unset),
	LC_PAPER = (unset),
	LC_TELEPHONE = (unset),
	LC_NAME = (unset),
	LANG = "en_US.UTF-8"
    are supported and installed on your system.
perl: warning: Falling back to the standard locale ("C").
locale: Cannot set LC_CTYPE to default locale: No such file or directory
locale: Cannot set LC_MESSAGES to default locale: No such file or directory
locale: Cannot set LC_ALL to default locale: No such file or directory
Fetched 11.5 MB in 4s (2563 kB/s)
Selecting previously unselected package libboost1.90-dev:amd64.
(Reading database ... 
(Reading database ... 5%
(Reading database ... 10%
(Reading database ... 15%
(Reading database ... 20%
(Reading database ... 25%
(Reading database ... 30%
(Reading database ... 35%
(Reading database ... 40%
(Reading database ... 45%
(Reading database ... 50%
(Reading database ... 55%
(Reading database ... 60%
(Reading database ... 65%
(Reading database ... 70%
(Reading database ... 75%
(Reading database ... 80%
(Reading database ... 85%
(Reading database ... 90%
(Reading database ... 95%
(Reading database ... 100%
(Reading database ... 44806 files and directories currently installed.)
Preparing to unpack .../libboost1.90-dev_1.90.0-6ubuntu1_amd64.deb ...
Unpacking libboost1.90-dev:amd64 (1.90.0-6ubuntu1) ...
Selecting previously unselected package libboost-dev:amd64.
Preparing to unpack .../libboost-dev_1.90.0.1ubuntu3_amd64.deb ...
Unpacking libboost-dev:amd64 (1.90.0.1ubuntu3) ...
Setting up libboost1.90-dev:amd64 (1.90.0-6ubuntu1) ...
Setting up libboost-dev:amd64 (1.90.0.1ubuntu3) ...

WARNING: apt does not have a stable CLI interface. Use with caution in scripts.

Reading package lists...
Building dependency tree...
Reading state information...
Package liblz4-tool is not available, but is referred to by another package.
This may mean that the package is missing, has been obsoleted, or
is only available from another source

Error: Package 'liblz4-tool' has no installation candidate

WARNING: apt does not have a stable CLI interface. Use with caution in scripts.

Reading package lists...
Building dependency tree...
Reading state information...
Solving dependencies...
Installing:
  zstd

Summary:
  Upgrading: 0, Installing: 1, Removing: 0, Not Upgrading: 17
  Download size: 672 kB
  Space needed: 1970 kB / 1021 GB available

Get:1 http://archive.ubuntu.com/ubuntu resolute/main amd64 zstd amd64 1.5.7+dfsg-3 [672 kB]
perl: warning: Setting locale failed.
perl: warning: Please check that your locale settings:
	LANGUAGE = (unset),
	LC_ALL = (unset),
	LC_CTYPE = (unset),
	LC_NUMERIC = (unset),
	LC_COLLATE = (unset),
	LC_TIME = (unset),
	LC_MESSAGES = (unset),
	LC_MONETARY = (unset),
	LC_ADDRESS = (unset),
	LC_IDENTIFICATION = (unset),
	LC_MEASUREMENT = (unset),
	LC_PAPER = (unset),
	LC_TELEPHONE = (unset),
	LC_NAME = (unset),
	LANG = "en_US.UTF-8"
    are supported and installed on your system.
perl: warning: Falling back to the standard locale ("C").
locale: Cannot set LC_CTYPE to default locale: No such file or directory
locale: Cannot set LC_MESSAGES to default locale: No such file or directory
locale: Cannot set LC_ALL to default locale: No such file or directory
Fetched 672 kB in 2s (298 kB/s)
Selecting previously unselected package zstd.
(Reading database ... 
(Reading database ... 5%
(Reading database ... 10%
(Reading database ... 15%
(Reading database ... 20%
(Reading database ... 25%
(Reading database ... 30%
(Reading database ... 35%
(Reading database ... 40%
(Reading database ... 45%
(Reading database ... 50%
(Reading database ... 55%
(Reading database ... 60%
(Reading database ... 65%
(Reading database ... 70%
(Reading database ... 75%
(Reading database ... 80%
(Reading database ... 85%
(Reading database ... 90%
(Reading database ... 95%
(Reading database ... 100%
(Reading database ... 62128 files and directories currently installed.)
Preparing to unpack .../zstd_1.5.7+dfsg-3_amd64.deb ...
Unpacking zstd (1.5.7+dfsg-3) ...
Setting up zstd (1.5.7+dfsg-3) ...
Processing triggers for man-db (2.13.1-1build1) ...

WARNING: apt does not have a stable CLI interface. Use with caution in scripts.

Reading package lists...
Building dependency tree...
Reading state information...
Solving dependencies...
Installing:
  sshpass

Summary:
  Upgrading: 0, Installing: 1, Removing: 0, Not Upgrading: 17
  Download size: 11.5 kB
  Space needed: 38.9 kB / 1021 GB available

Get:1 http://archive.ubuntu.com/ubuntu resolute/universe amd64 sshpass amd64 1.10-0.1build1 [11.5 kB]
perl: warning: Setting locale failed.
perl: warning: Please check that your locale settings:
	LANGUAGE = (unset),
	LC_ALL = (unset),
	LC_CTYPE = (unset),
	LC_NUMERIC = (unset),
	LC_COLLATE = (unset),
	LC_TIME = (unset),
	LC_MESSAGES = (unset),
	LC_MONETARY = (unset),
	LC_ADDRESS = (unset),
	LC_IDENTIFICATION = (unset),
	LC_MEASUREMENT = (unset),
	LC_PAPER = (unset),
	LC_TELEPHONE = (unset),
	LC_NAME = (unset),
	LANG = "en_US.UTF-8"
    are supported and installed on your system.
perl: warning: Falling back to the standard locale ("C").
locale: Cannot set LC_CTYPE to default locale: No such file or directory
locale: Cannot set LC_MESSAGES to default locale: No such file or directory
locale: Cannot set LC_ALL to default locale: No such file or directory
Fetched 11.5 kB in 1s (15.4 kB/s)
Selecting previously unselected package sshpass.
(Reading database ... 
(Reading database ... 5%
(Reading database ... 10%
(Reading database ... 15%
(Reading database ... 20%
(Reading database ... 25%
(Reading database ... 30%
(Reading database ... 35%
(Reading database ... 40%
(Reading database ... 45%
(Reading database ... 50%
(Reading database ... 55%
(Reading database ... 60%
(Reading database ... 65%
(Reading database ... 70%
(Reading database ... 75%
(Reading database ... 80%
(Reading database ... 85%
(Reading database ... 90%
(Reading database ... 95%
(Reading database ... 100%
(Reading database ... 62150 files and directories currently installed.)
Preparing to unpack .../sshpass_1.10-0.1build1_amd64.deb ...
Unpacking sshpass (1.10-0.1build1) ...
Setting up sshpass (1.10-0.1build1) ...
Processing triggers for man-db (2.13.1-1build1) ...

WARNING: apt does not have a stable CLI interface. Use with caution in scripts.

Reading package lists...
Building dependency tree...
Reading state information...
Solving dependencies...
Installing:
  libzstd-dev

Summary:
  Upgrading: 0, Installing: 1, Removing: 0, Not Upgrading: 17
  Download size: 376 kB
  Space needed: 1328 kB / 1021 GB available

Get:1 http://archive.ubuntu.com/ubuntu resolute/main amd64 libzstd-dev amd64 1.5.7+dfsg-3 [376 kB]
perl: warning: Setting locale failed.
perl: warning: Please check that your locale settings:
	LANGUAGE = (unset),
	LC_ALL = (unset),
	LC_CTYPE = (unset),
	LC_NUMERIC = (unset),
	LC_COLLATE = (unset),
	LC_TIME = (unset),
	LC_MESSAGES = (unset),
	LC_MONETARY = (unset),
	LC_ADDRESS = (unset),
	LC_IDENTIFICATION = (unset),
	LC_MEASUREMENT = (unset),
	LC_PAPER = (unset),
	LC_TELEPHONE = (unset),
	LC_NAME = (unset),
	LANG = "en_US.UTF-8"
    are supported and installed on your system.
perl: warning: Falling back to the standard locale ("C").
locale: Cannot set LC_CTYPE to default locale: No such file or directory
locale: Cannot set LC_MESSAGES to default locale: No such file or directory
locale: Cannot set LC_ALL to default locale: No such file or directory
Fetched 376 kB in 2s (156 kB/s)
Selecting previously unselected package libzstd-dev:amd64.
(Reading database ... 
(Reading database ... 5%
(Reading database ... 10%
(Reading database ... 15%
(Reading database ... 20%
(Reading database ... 25%
(Reading database ... 30%
(Reading database ... 35%
(Reading database ... 40%
(Reading database ... 45%
(Reading database ... 50%
(Reading database ... 55%
(Reading database ... 60%
(Reading database ... 65%
(Reading database ... 70%
(Reading database ... 75%
(Reading database ... 80%
(Reading database ... 85%
(Reading database ... 90%
(Reading database ... 95%
(Reading database ... 100%
(Reading database ... 62155 files and directories currently installed.)
Preparing to unpack .../libzstd-dev_1.5.7+dfsg-3_amd64.deb ...
Unpacking libzstd-dev:amd64 (1.5.7+dfsg-3) ...
Setting up libzstd-dev:amd64 (1.5.7+dfsg-3) ...

WARNING: apt does not have a stable CLI interface. Use with caution in scripts.

Reading package lists...
Building dependency tree...
Reading state information...
Error: Unable to locate package libbrotli
[1;31mapt install python3.12-venv[0m

WARNING: apt does not have a stable CLI interface. Use with caution in scripts.

Reading package lists...
Building dependency tree...
Reading state information...
Error: Unable to locate package python3.12-venv
Error: Couldn't find any package by glob 'python3.12-venv'
Generating locales (this might take a while)...
  en_US.UTF-8... done
Generation complete.
Generating locales (this might take a while)...
  zh_CN.UTF-8... done
Generation complete.
cat: /etc/ssh/sshd_config: No such file or directory
SSH PORT:

WARNING: apt does not have a stable CLI interface. Use with caution in scripts.

Reading package lists...
Building dependency tree...
Reading state information...
Solving dependencies...
Installing:
  firewalld

Installing dependencies:
  gir1.2-nm-1.0  libipset13  python3-cap-ng    python3-nftables
  ipset          libnm0      python3-firewall

Summary:
  Upgrading: 0, Installing: 8, Removing: 0, Not Upgrading: 17
  Download size: 1,239 kB
  Space needed: 6,314 kB / 1,021 GB available

Get:1 http://archive.ubuntu.com/ubuntu resolute-updates/main amd64 libnm0 amd64 1.54.3-2ubuntu3.1 [495 kB]
Get:2 http://archive.ubuntu.com/ubuntu resolute-updates/main amd64 gir1.2-nm-1.0 amd64 1.54.3-2ubuntu3.1 [89.8 kB]
Get:3 http://archive.ubuntu.com/ubuntu resolute/universe amd64 python3-nftables amd64 1.1.6-1 [12.5 kB]
Get:4 http://archive.ubuntu.com/ubuntu resolute/universe amd64 python3-firewall all 2.3.1-3 [136 kB]
Get:5 http://archive.ubuntu.com/ubuntu resolute/universe amd64 firewalld all 2.3.1-3 [391 kB]
Get:6 http://archive.ubuntu.com/ubuntu resolute/main amd64 libipset13 amd64 7.19-1ubuntu3 [61.9 kB]
Get:7 http://archive.ubuntu.com/ubuntu resolute/universe amd64 python3-cap-ng amd64 0.8.5-4build5 [20.2 kB]
Get:8 http://archive.ubuntu.com/ubuntu resolute/main amd64 ipset amd64 7.19-1ubuntu3 [32.7 kB]
Fetched 1,239 kB in 3s (361 kB/s)
Selecting previously unselected package libnm0:amd64.
(Reading database… 
(Reading database… 5%
(Reading database… 10%
(Reading database… 15%
(Reading database… 20%
(Reading database… 25%
(Reading database… 30%
(Reading database… 35%
(Reading database… 40%
(Reading database… 45%
(Reading database… 50%
(Reading database… 55%
(Reading database… 60%
(Reading database… 65%
(Reading database… 70%
(Reading database… 75%
(Reading database… 80%
(Reading database… 85%
(Reading database… 90%
(Reading database… 95%
(Reading database… 100%
(Reading database… 62184 files and directories currently installed.)
Preparing to unpack …/0-libnm0_1.54.3-2ubuntu3.1_amd64.deb…
Unpacking libnm0:amd64 (1.54.3-2ubuntu3.1)…
Selecting previously unselected package gir1.2-nm-1.0:amd64.
Preparing to unpack …/1-gir1.2-nm-1.0_1.54.3-2ubuntu3.1_amd64.deb…
Unpacking gir1.2-nm-1.0:amd64 (1.54.3-2ubuntu3.1)…
Selecting previously unselected package python3-nftables.
Preparing to unpack …/2-python3-nftables_1.1.6-1_amd64.deb…
Unpacking python3-nftables (1.1.6-1)…
Selecting previously unselected package python3-firewall.
Preparing to unpack …/3-python3-firewall_2.3.1-3_all.deb…
Unpacking python3-firewall (2.3.1-3)…
Selecting previously unselected package firewalld.
Preparing to unpack …/4-firewalld_2.3.1-3_all.deb…
Unpacking firewalld (2.3.1-3)…
Selecting previously unselected package libipset13:amd64.
Preparing to unpack …/5-libipset13_7.19-1ubuntu3_amd64.deb…
Unpacking libipset13:amd64 (7.19-1ubuntu3)…
Selecting previously unselected package python3-cap-ng.
Preparing to unpack …/6-python3-cap-ng_0.8.5-4build5_amd64.deb…
Unpacking python3-cap-ng (0.8.5-4build5)…
Selecting previously unselected package ipset.
Preparing to unpack …/7-ipset_7.19-1ubuntu3_amd64.deb…
Unpacking ipset (7.19-1ubuntu3)…
Setting up python3-cap-ng (0.8.5-4build5)…
Setting up python3-firewall (2.3.1-3)…
Setting up libnm0:amd64 (1.54.3-2ubuntu3.1)…
Setting up libipset13:amd64 (7.19-1ubuntu3)…
Setting up gir1.2-nm-1.0:amd64 (1.54.3-2ubuntu3.1)…
Setting up ipset (7.19-1ubuntu3)…
Setting up python3-nftables (1.1.6-1)…
Setting up firewalld (2.3.1-3)…
update-alternatives: using /usr/share/polkit-1/actions/org.fedoraproject.FirewallD1.server.policy.choice to provide /usr/share/polkit-1/actions/org.fedoraproject.FirewallD1.policy (org.fedoraproject.FirewallD1.policy) in auto mode
Created symlink '/etc/systemd/system/dbus-org.fedoraproject.FirewallD1.service' → '/usr/lib/systemd/system/firewalld.service'.

Created symlink '/etc/systemd/system/multi-user.target.wants/firewalld.service' → '/usr/lib/systemd/system/firewalld.service'.

Processing triggers for man-db (2.13.1-1build1)…
Processing triggers for dbus (1.16.2-2ubuntu4)…
Processing triggers for libc-bin (2.43-2ubuntu2.4)…
success
success
success
success
success

WARNING: apt does not have a stable CLI interface. Use with caution in scripts.

Reading package lists...
Building dependency tree...
Reading state information...
Solving dependencies...
Installing:
  devscripts

Installing dependencies:
  dctrl-tools                     libmarkdown2
  diffstat                        libmath-base85-perl
  dput                            libmldbm-perl
  gettext                         libmodule-implementation-perl
  intltool-debian                 libmodule-runtime-perl
  libabsl20260107                 libmoo-perl
  libaliased-perl                 libmoox-aliases-perl
  libapt-pkg-perl                 libmouse-perl
  libarchive-zip-perl             libnamespace-clean-perl
  libarray-intspan-perl           libnet-domain-tld-perl
  libauthen-sasl-perl             libnet-http-perl
  libb-hooks-endofscope-perl      libnet-ipv6addr-perl
  libb-hooks-op-check-perl        libnet-netmask-perl
  libberkeleydb-perl              libnet-smtp-ssl-perl
  libcapture-tiny-perl            libnet-ssleay-perl
  libcgi-fast-perl                libnetaddr-ip-perl
  libcgi-pm-perl                  libnumber-compare-perl
  libclass-data-inheritable-perl  libobject-pad-perl
  libclass-inspector-perl         libpackage-stash-perl
  libclass-method-modifiers-perl  libpackage-stash-xs-perl
  libclass-xsaccessor-perl        libparams-classify-perl
  libclone-perl                   libparams-util-perl
  libcommon-sense-perl            libpath-iterator-rule-perl
  libconfig-inifiles-perl         libpath-tiny-perl
  libconfig-tiny-perl             libperlio-gzip-perl
  libconst-fast-perl              libperlio-utf8-strict-perl
  libcpanel-json-xs-perl          libpod-constants-perl
  libcrypt-urandom-perl           libpod-parser-perl
  libdata-dpath-perl              libproc-processtable-perl
  libdata-dump-perl               libre-engine-re2-perl
  libdata-messagepack-perl        libre2-11
  libdata-optlist-perl            libregexp-pattern-license-perl
  libdata-validate-domain-perl    libregexp-pattern-perl
  libdata-validate-ip-perl        libregexp-wildcards-perl
  libdata-validate-uri-perl       librole-tiny-perl
  libdevel-callchecker-perl       libsereal-decoder-perl
  libdevel-size-perl              libsereal-encoder-perl
  libdevel-stacktrace-perl        libset-intspan-perl
  libdistro-info-perl             libsocket6-perl
  libdynaloader-functions-perl    libsort-versions-perl
  libemail-address-xs-perl        libstrictures-perl
  libencode-locale-perl           libstring-copyright-perl
  libexception-class-perl         libstring-escape-perl
  libexporter-tiny-perl           libstring-license-perl
  libfcgi-bin                     libstring-shellquote-perl
  libfcgi-perl                    libsub-exporter-perl
  libfcgi0t64                     libsub-exporter-progressive-perl
  libfile-basedir-perl            libsub-identify-perl
  libfile-dirlist-perl            libsub-install-perl
  libfile-find-rule-perl          libsub-name-perl
  libfile-homedir-perl            libsub-quote-perl
  libfile-libmagic-perl           libsyntax-keyword-try-perl
  libfile-listing-perl            libterm-readkey-perl
  libfile-sharedir-perl           libtext-glob-perl
  libfile-touch-perl              libtext-levenshteinxs-perl
  libfile-which-perl              libtext-markdown-discount-perl
  libfont-afm-perl                libtext-xslate-perl
  libfont-ttf-perl                libtime-duration-perl
  libfreezethaw-perl              libtime-moment-perl
  libgpgme45                      libtimedate-perl
  libhtml-form-perl               libtry-tiny-perl
  libhtml-format-perl             libtypes-serialiser-perl
  libhtml-html5-entities-perl     libunicode-utf8-perl
  libhtml-parser-perl             libunwind8
  libhtml-tagset-perl             liburi-perl
  libhtml-tokeparser-simple-perl  libvariable-magic-perl
  libhtml-tree-perl               libwww-mechanize-perl
  libhttp-cookies-perl            libwww-perl
  libhttp-daemon-perl             libwww-robotrules-perl
  libhttp-date-perl               libxml-libxml-perl
  libhttp-message-perl            libxml-namespacesupport-perl
  libhttp-negotiate-perl          libxml-parser-perl
  libimport-into-perl             libxml-sax-base-perl
  libindirect-perl                libxml-sax-expat-perl
  libio-html-perl                 libxml-sax-perl
  libio-interactive-perl          libxs-parse-keyword-perl
  libio-socket-ssl-perl           libxs-parse-sublike-perl
  libio-string-perl               libyaml-libyaml-perl
  libipc-run3-perl                licensecheck
  libipc-system-simple-perl       lintian
  libiterator-perl                lzip
  libiterator-util-perl           lzop
  libjson-maybexs-perl            patchutils
  libjson-perl                    perl-openssl-defaults
  libjson-xs-perl                 python3-debian
  liblist-compare-perl            python3-gpg
  liblist-someutils-perl          python3-magic
  liblist-someutils-xs-perl       python3-nacl
  liblist-utilsby-perl            python3-paramiko
  liblog-any-adapter-screen-perl  python3-unidiff
  liblog-any-perl                 python3-xdg
  liblwp-mediatypes-perl          strace
  liblwp-protocol-https-perl      t1utils
  libmailtools-perl               wdiff

Suggested packages:
  debtags                 debian-keyring
  debhelper               debian-tag2upload-keyring
  adequate                equivs
  at                      git-debpush
  autopkgtest             libmetacpan-client-perl
  bls-standalone          libsoap-lite-perl
  bsd-mailx               pristine-tar
  | mailx                 mini-dinstall
  default-mta             autopoint
  | mail-transport-agent  gettext-doc
  check-all-the-things    libasprintf-dev
  diffoscope              libgettextpo-dev
  disorderfs              gnulib-l10n
  docker.io               libdigest-hmac-perl
  dose-extra              libgssapi-perl
  duck                    libio-compress-brotli-perl
  elpa-devscripts         libcrypt-ssleay-perl
  faketime                libscalar-number-perl
  gnuplot                 libbareword-filehandles-perl
  how-can-i-help          libmultidimensional-perl
  libdbd-pg-perl          libxstring-perl
  libgitlab-api-v4-perl   libbusiness-isbn-perl
  libterm-size-perl       libmime-base32-perl
  mmdebstrap              libregexp-ipv6-perl
  mutt                    libauthen-ntlm-perl
  piuparts                libxml-sax-expatxs-perl
  postgresql-client       binutils-multiarch
  pristine-lfs            libtext-template-perl
  python3-debianbts       python3-charset-normalizer
  quilt                   python-nacl-doc
  ratt                    python3-gssapi
  reprotest               python3-invoke
  svn-buildpackage        python-pyxdg-doc
  w3m                     wdiff-doc

Summary:
  Upgrading: 0, Installing: 189, Removing: 0, Not Upgrading: 17
  Download size: 12.6 MB
  Space needed: 46.0 MB / 1,021 GB available

Get:1 http://archive.ubuntu.com/ubuntu resolute/main amd64 libunwind8 amd64 1.8.3-0ubuntu1 [59.6 kB]
Get:2 http://archive.ubuntu.com/ubuntu resolute/main amd64 strace amd64 6.19+ds-0ubuntu5 [678 kB]
Get:3 http://archive.ubuntu.com/ubuntu resolute/main amd64 dctrl-tools amd64 2.24-3build4 [104 kB]
Get:4 http://archive.ubuntu.com/ubuntu resolute-updates/main amd64 libconfig-inifiles-perl all 3.000003-4ubuntu0.1 [38.3 kB]
Get:5 http://archive.ubuntu.com/ubuntu resolute/main amd64 libfile-dirlist-perl all 0.05-3 [7,286 B]
Get:6 http://archive.ubuntu.com/ubuntu resolute/main amd64 libfile-which-perl all 1.27-2 [12.5 kB]
Get:7 http://archive.ubuntu.com/ubuntu resolute/main amd64 libfile-homedir-perl all 1.006-2 [37.0 kB]
Get:8 http://archive.ubuntu.com/ubuntu resolute/main amd64 libfile-touch-perl all 0.12-2 [7,498 B]
Get:9 http://archive.ubuntu.com/ubuntu resolute/main amd64 libio-string-perl all 1.08-4 [11.1 kB]
Get:10 http://archive.ubuntu.com/ubuntu resolute/main amd64 libclass-method-modifiers-perl all 2.15-1 [16.1 kB]
Get:11 http://archive.ubuntu.com/ubuntu resolute/main amd64 libclass-xsaccessor-perl amd64 1.19-4build6 [33.8 kB]
Get:12 http://archive.ubuntu.com/ubuntu resolute/main amd64 libb-hooks-op-check-perl amd64 0.22-3build2 [9,624 B]
Get:13 http://archive.ubuntu.com/ubuntu resolute/main amd64 libdynaloader-functions-perl all 0.004-2 [11.5 kB]
Get:14 http://archive.ubuntu.com/ubuntu resolute/main amd64 libdevel-callchecker-perl amd64 0.009-3 [14.0 kB]
Get:15 http://archive.ubuntu.com/ubuntu resolute/main amd64 libparams-classify-perl amd64 0.015-2build6 [20.1 kB]
Get:16 http://archive.ubuntu.com/ubuntu resolute/main amd64 libmodule-runtime-perl all 0.018-1 [15.2 kB]
Get:17 http://archive.ubuntu.com/ubuntu resolute/main amd64 libimport-into-perl all 1.002005-2 [10.7 kB]
Get:18 http://archive.ubuntu.com/ubuntu resolute/main amd64 librole-tiny-perl all 2.002004-1 [16.3 kB]
Get:19 http://archive.ubuntu.com/ubuntu resolute/main amd64 libsub-quote-perl all 2.006009-1ubuntu1 [20.3 kB]
Get:20 http://archive.ubuntu.com/ubuntu resolute/main amd64 libmoo-perl all 2.005005-1 [47.4 kB]
Get:21 http://archive.ubuntu.com/ubuntu resolute/main amd64 libencode-locale-perl all 1.05-3 [11.6 kB]
Get:22 http://archive.ubuntu.com/ubuntu resolute/main amd64 libtimedate-perl all 2.3300-2 [34.0 kB]
Get:23 http://archive.ubuntu.com/ubuntu resolute-updates/main amd64 libhttp-date-perl all 6.06-1ubuntu0.26.04.1 [10.6 kB]
Get:24 http://archive.ubuntu.com/ubuntu resolute/main amd64 libfile-listing-perl all 6.16-1 [11.3 kB]
Get:25 http://archive.ubuntu.com/ubuntu resolute/main amd64 libhtml-tagset-perl all 3.24-1 [14.1 kB]
Get:26 http://archive.ubuntu.com/ubuntu resolute/main amd64 liburi-perl all 5.34-2build1 [100 kB]
Get:27 http://archive.ubuntu.com/ubuntu resolute-updates/main amd64 libhtml-parser-perl amd64 3.83-1ubuntu0.1 [85.7 kB]
Get:28 http://archive.ubuntu.com/ubuntu resolute/main amd64 libhtml-tree-perl all 5.07-3 [200 kB]
Get:29 http://archive.ubuntu.com/ubuntu resolute/main amd64 libclone-perl amd64 0.47-1 [10.7 kB]
Get:30 http://archive.ubuntu.com/ubuntu resolute/main amd64 libio-html-perl all 1.004-3 [15.9 kB]
Get:31 http://archive.ubuntu.com/ubuntu resolute/main amd64 liblwp-mediatypes-perl all 6.04-2 [20.1 kB]
Get:32 http://archive.ubuntu.com/ubuntu resolute/main amd64 libhttp-message-perl all 7.01-1ubuntu1 [76.1 kB]
Get:33 http://archive.ubuntu.com/ubuntu resolute/main amd64 libhttp-cookies-perl all 6.11-1 [18.2 kB]
Get:34 http://archive.ubuntu.com/ubuntu resolute/main amd64 libhttp-negotiate-perl all 6.01-2 [12.4 kB]
Get:35 http://archive.ubuntu.com/ubuntu resolute/main amd64 perl-openssl-defaults amd64 7build4 [6,710 B]
Get:36 http://archive.ubuntu.com/ubuntu resolute/main amd64 libnet-ssleay-perl amd64 1.94-3 [318 kB]
Get:37 http://archive.ubuntu.com/ubuntu resolute/main amd64 libio-socket-ssl-perl all 2.098-1 [205 kB]
Get:38 http://archive.ubuntu.com/ubuntu resolute/main amd64 libnet-http-perl all 6.24-1build1 [21.7 kB]
Get:39 http://archive.ubuntu.com/ubuntu resolute/main amd64 liblwp-protocol-https-perl all 6.14-1 [9,040 B]
Get:40 http://archive.ubuntu.com/ubuntu resolute/main amd64 libtry-tiny-perl all 0.32-1 [21.2 kB]
Get:41 http://archive.ubuntu.com/ubuntu resolute/main amd64 libwww-robotrules-perl all 6.02-1build1 [12.4 kB]
Get:42 http://archive.ubuntu.com/ubuntu resolute-updates/main amd64 libwww-perl all 6.81-1ubuntu0.1 [140 kB]
Get:43 http://archive.ubuntu.com/ubuntu resolute/main amd64 libyaml-libyaml-perl amd64 0.904.0+ds-1 [42.9 kB]
Get:44 http://archive.ubuntu.com/ubuntu resolute/main amd64 patchutils amd64 0.4.3-1ubuntu1 [82.4 kB]
Get:45 http://archive.ubuntu.com/ubuntu resolute/main amd64 wdiff amd64 1.2.2-9build1 [29.7 kB]
Get:46 http://archive.ubuntu.com/ubuntu resolute/main amd64 devscripts all 2.26.7 [1,083 kB]
Get:47 http://archive.ubuntu.com/ubuntu resolute/main amd64 diffstat amd64 1.68-1 [30.3 kB]
Get:48 http://archive.ubuntu.com/ubuntu resolute/main amd64 python3-debian all 1.0.1ubuntu2 [121 kB]
Get:49 http://archive.ubuntu.com/ubuntu resolute/main amd64 libgpgme45 amd64 2.0.1-2build1 [140 kB]
Get:50 http://archive.ubuntu.com/ubuntu resolute/main amd64 python3-gpg amd64 2.0.0-2build1 [218 kB]
Get:51 http://archive.ubuntu.com/ubuntu resolute/main amd64 python3-xdg all 0.28-3 [37.3 kB]
Get:52 http://archive.ubuntu.com/ubuntu resolute/main amd64 dput all 1.2.4ubuntu4 [49.8 kB]
Get:53 http://archive.ubuntu.com/ubuntu resolute/main amd64 gettext amd64 0.23.2-1 [1,019 kB]
Get:54 http://archive.ubuntu.com/ubuntu resolute/main amd64 intltool-debian all 0.35.0+20060710.6build1 [24.1 kB]
Get:55 http://archive.ubuntu.com/ubuntu resolute/main amd64 libabsl20260107 amd64 20260107.0-4 [588 kB]
Get:56 http://archive.ubuntu.com/ubuntu resolute/main amd64 libaliased-perl all 0.34-3 [12.8 kB]
Get:57 http://archive.ubuntu.com/ubuntu resolute/main amd64 libapt-pkg-perl amd64 0.1.43 [70.5 kB]
Get:58 http://archive.ubuntu.com/ubuntu resolute/main amd64 libarchive-zip-perl all 1.68-1 [90.2 kB]
Get:59 http://archive.ubuntu.com/ubuntu resolute/main amd64 libarray-intspan-perl all 2.004-2 [25.0 kB]
Get:60 http://archive.ubuntu.com/ubuntu resolute/main amd64 libmodule-implementation-perl all 0.09-2 [12.0 kB]
Get:61 http://archive.ubuntu.com/ubuntu resolute/main amd64 libsub-exporter-progressive-perl all 0.001013-3 [6,718 B]
Get:62 http://archive.ubuntu.com/ubuntu resolute/main amd64 libvariable-magic-perl amd64 0.64-1build1 [36.3 kB]
Get:63 http://archive.ubuntu.com/ubuntu resolute/main amd64 libb-hooks-endofscope-perl all 0.28-2 [15.8 kB]
Get:64 http://archive.ubuntu.com/ubuntu resolute/main amd64 libberkeleydb-perl amd64 0.66-2 [120 kB]
Get:65 http://archive.ubuntu.com/ubuntu resolute/main amd64 libcapture-tiny-perl all 0.50-1 [20.7 kB]
Get:66 http://archive.ubuntu.com/ubuntu resolute/main amd64 libcgi-pm-perl all 4.71-1build1 [185 kB]
Get:67 http://archive.ubuntu.com/ubuntu resolute/main amd64 libfcgi0t64 amd64 2.4.5-0.1build2 [27.9 kB]
Get:68 http://archive.ubuntu.com/ubuntu resolute/main amd64 libfcgi-perl amd64 0.82+ds-3build3 [21.7 kB]
Get:69 http://archive.ubuntu.com/ubuntu resolute/main amd64 libcgi-fast-perl all 1:2.17-1 [10.3 kB]
Get:70 http://archive.ubuntu.com/ubuntu resolute/main amd64 libclass-data-inheritable-perl all 0.10-1 [8,038 B]
Get:71 http://archive.ubuntu.com/ubuntu resolute/main amd64 libclass-inspector-perl all 1.36-3 [15.4 kB]
Get:72 http://archive.ubuntu.com/ubuntu resolute/main amd64 libcommon-sense-perl amd64 3.75-3build5 [20.5 kB]
Get:73 http://archive.ubuntu.com/ubuntu resolute/main amd64 libconfig-tiny-perl all 2.30-1 [14.7 kB]
Get:74 http://archive.ubuntu.com/ubuntu resolute/main amd64 libparams-util-perl amd64 1.102-3build1 [21.4 kB]
Get:75 http://archive.ubuntu.com/ubuntu resolute/main amd64 libsub-install-perl all 0.929-1 [9,764 B]
Get:76 http://archive.ubuntu.com/ubuntu resolute/main amd64 libdata-optlist-perl all 0.114-1 [9,708 B]
Get:77 http://archive.ubuntu.com/ubuntu resolute/main amd64 libsub-exporter-perl all 0.990-1 [49.0 kB]
Get:78 http://archive.ubuntu.com/ubuntu resolute/main amd64 libconst-fast-perl all 0.014-2 [8,034 B]
Get:79 http://archive.ubuntu.com/ubuntu resolute/main amd64 libcpanel-json-xs-perl amd64 4.40-1 [117 kB]
Get:80 http://archive.ubuntu.com/ubuntu resolute/main amd64 libcrypt-urandom-perl amd64 0.55-1 [14.8 kB]
Get:81 http://archive.ubuntu.com/ubuntu resolute/main amd64 libdevel-stacktrace-perl all 2.0500-1 [22.1 kB]
Get:82 http://archive.ubuntu.com/ubuntu resolute/main amd64 libexception-class-perl all 1.45-1 [28.6 kB]
Get:83 http://archive.ubuntu.com/ubuntu resolute/main amd64 libiterator-perl all 0.03+ds1-2 [18.8 kB]
Get:84 http://archive.ubuntu.com/ubuntu resolute/main amd64 libiterator-util-perl all 0.02+ds1-2 [14.1 kB]
Get:85 http://archive.ubuntu.com/ubuntu resolute/main amd64 libdata-dpath-perl all 0.60-1 [37.3 kB]
Get:86 http://archive.ubuntu.com/ubuntu resolute/main amd64 libdata-dump-perl all 1.25-1 [25.9 kB]
Get:87 http://archive.ubuntu.com/ubuntu resolute/main amd64 libdata-messagepack-perl amd64 1.02-3 [32.0 kB]
Get:88 http://archive.ubuntu.com/ubuntu resolute/main amd64 libnet-domain-tld-perl all 1.75-4 [29.0 kB]
Get:89 http://archive.ubuntu.com/ubuntu resolute/main amd64 libdata-validate-domain-perl all 0.15-1 [10.4 kB]
Get:90 http://archive.ubuntu.com/ubuntu resolute/main amd64 libnet-ipv6addr-perl all 1.02-1 [21.0 kB]
Get:91 http://archive.ubuntu.com/ubuntu resolute/main amd64 libnet-netmask-perl all 2.0003-1build1 [24.8 kB]
Get:92 http://archive.ubuntu.com/ubuntu resolute/main amd64 libnetaddr-ip-perl amd64 4.079+dfsg-2build5 [80.0 kB]
Get:93 http://archive.ubuntu.com/ubuntu resolute/main amd64 libdata-validate-ip-perl all 0.31-1 [17.2 kB]
Get:94 http://archive.ubuntu.com/ubuntu resolute/main amd64 libdata-validate-uri-perl all 0.07-3 [10.8 kB]
Get:95 http://archive.ubuntu.com/ubuntu resolute/main amd64 libdistro-info-perl all 1.15 [6,024 B]
Get:96 http://archive.ubuntu.com/ubuntu resolute/main amd64 libemail-address-xs-perl amd64 1.05-1build5 [29.5 kB]
Get:97 http://archive.ubuntu.com/ubuntu resolute/main amd64 libexporter-tiny-perl all 1.006003-1 [35.5 kB]
Get:98 http://archive.ubuntu.com/ubuntu resolute/main amd64 libfcgi-bin amd64 2.4.5-0.1build2 [12.2 kB]
Get:99 http://archive.ubuntu.com/ubuntu resolute/main amd64 libipc-system-simple-perl all 1.30-2 [22.3 kB]
Get:100 http://archive.ubuntu.com/ubuntu resolute/main amd64 libfile-basedir-perl all 0.09-2 [14.4 kB]
Get:101 http://archive.ubuntu.com/ubuntu resolute/main amd64 libnumber-compare-perl all 0.03-3 [5,974 B]
Get:102 http://archive.ubuntu.com/ubuntu resolute/main amd64 libtext-glob-perl all 0.11-3 [6,780 B]
Get:103 http://archive.ubuntu.com/ubuntu resolute/main amd64 libfile-find-rule-perl all 0.35-1build1 [24.0 kB]
Get:104 http://archive.ubuntu.com/ubuntu resolute/main amd64 libfile-libmagic-perl amd64 1.23-2build2 [27.8 kB]
Get:105 http://archive.ubuntu.com/ubuntu resolute/main amd64 libfile-sharedir-perl all 1.118-3 [14.0 kB]
Get:106 http://archive.ubuntu.com/ubuntu resolute/main amd64 libfont-afm-perl all 1.20-4 [13.0 kB]
Get:107 http://archive.ubuntu.com/ubuntu resolute/main amd64 libfont-ttf-perl all 1.06-2 [323 kB]
Get:108 http://archive.ubuntu.com/ubuntu resolute/main amd64 libfreezethaw-perl all 0.5001-3 [14.6 kB]
Get:109 http://archive.ubuntu.com/ubuntu resolute/main amd64 libhtml-form-perl all 6.13-1build1 [31.3 kB]
Get:110 http://archive.ubuntu.com/ubuntu resolute/main amd64 libhtml-format-perl all 2.16-2 [36.9 kB]
Get:111 http://archive.ubuntu.com/ubuntu resolute/main amd64 libhtml-html5-entities-perl all 0.004-3 [21.6 kB]
Get:112 http://archive.ubuntu.com/ubuntu resolute/main amd64 libhtml-tokeparser-simple-perl all 3.16-4 [38.0 kB]
Get:113 http://archive.ubuntu.com/ubuntu resolute-updates/main amd64 libhttp-daemon-perl all 6.16-1ubuntu0.26.04.1 [22.1 kB]
Get:114 http://archive.ubuntu.com/ubuntu resolute/main amd64 libindirect-perl amd64 0.39-2build5 [22.2 kB]
Get:115 http://archive.ubuntu.com/ubuntu resolute/main amd64 libio-interactive-perl all 1.027-1 [10.8 kB]
Get:116 http://archive.ubuntu.com/ubuntu resolute/main amd64 libtypes-serialiser-perl all 1.01-1 [11.6 kB]
Get:117 http://archive.ubuntu.com/ubuntu resolute/main amd64 libjson-xs-perl amd64 4.040-1 [84.4 kB]
Get:118 http://archive.ubuntu.com/ubuntu resolute/main amd64 libjson-maybexs-perl all 1.004008-1 [11.1 kB]
Get:119 http://archive.ubuntu.com/ubuntu resolute/main amd64 libjson-perl all 4.10000-1 [81.9 kB]
Get:120 http://archive.ubuntu.com/ubuntu resolute/main amd64 liblist-compare-perl all 0.55-2 [62.9 kB]
Get:121 http://archive.ubuntu.com/ubuntu resolute/main amd64 liblist-someutils-perl all 0.59-1 [30.4 kB]
Get:122 http://archive.ubuntu.com/ubuntu resolute/main amd64 liblist-someutils-xs-perl amd64 0.58-3build5 [35.4 kB]
Get:123 http://archive.ubuntu.com/ubuntu resolute/main amd64 liblist-utilsby-perl all 0.12-2 [14.9 kB]
Get:124 http://archive.ubuntu.com/ubuntu resolute/main amd64 liblog-any-perl all 1.718-1build1 [69.6 kB]
Get:125 http://archive.ubuntu.com/ubuntu resolute/main amd64 liblog-any-adapter-screen-perl all 0.141-2 [13.0 kB]
Get:126 http://archive.ubuntu.com/ubuntu resolute/main amd64 libnet-smtp-ssl-perl all 1.04-2 [6,218 B]
Get:127 http://archive.ubuntu.com/ubuntu resolute/main amd64 libmailtools-perl all 2.22-1 [77.1 kB]
Get:128 http://archive.ubuntu.com/ubuntu resolute/main amd64 libmarkdown2 amd64 2.2.7-2.1build1 [39.0 kB]
Get:129 http://archive.ubuntu.com/ubuntu resolute/main amd64 libmath-base85-perl all 0.5+dfsg-2 [6,124 B]
Get:130 http://archive.ubuntu.com/ubuntu resolute/main amd64 libmldbm-perl all 2.05-4 [16.0 kB]
Get:131 http://archive.ubuntu.com/ubuntu resolute/main amd64 libstrictures-perl all 2.000006-1build1 [15.2 kB]
Get:132 http://archive.ubuntu.com/ubuntu resolute/main amd64 libmoox-aliases-perl all 0.001006-2 [6,796 B]
Get:133 http://archive.ubuntu.com/ubuntu resolute/main amd64 libmouse-perl amd64 2.6.1-1 [133 kB]
Get:134 http://archive.ubuntu.com/ubuntu resolute/main amd64 libpackage-stash-perl all 0.40-1 [19.5 kB]
Get:135 http://archive.ubuntu.com/ubuntu resolute/main amd64 libsub-identify-perl amd64 0.14-4 [10.1 kB]
Get:136 http://archive.ubuntu.com/ubuntu resolute/main amd64 libsub-name-perl amd64 0.28-1 [10.7 kB]
Get:137 http://archive.ubuntu.com/ubuntu resolute/main amd64 libnamespace-clean-perl all 0.27-2 [14.0 kB]
Get:138 http://archive.ubuntu.com/ubuntu resolute/main amd64 libxs-parse-keyword-perl amd64 0.49-1 [62.4 kB]
Get:139 http://archive.ubuntu.com/ubuntu resolute/main amd64 libxs-parse-sublike-perl amd64 0.41-1 [46.4 kB]
Get:140 http://archive.ubuntu.com/ubuntu resolute/main amd64 libobject-pad-perl amd64 0.823-2 [130 kB]
Get:141 http://archive.ubuntu.com/ubuntu resolute/main amd64 libpackage-stash-xs-perl amd64 0.30-1build5 [19.5 kB]
Get:142 http://archive.ubuntu.com/ubuntu resolute/main amd64 libpath-iterator-rule-perl all 1.015-2 [39.9 kB]
Get:143 http://archive.ubuntu.com/ubuntu resolute/main amd64 libpath-tiny-perl all 0.148-1 [47.9 kB]
Get:144 http://archive.ubuntu.com/ubuntu resolute/main amd64 libperlio-gzip-perl amd64 0.20-1build5 [14.8 kB]
Get:145 http://archive.ubuntu.com/ubuntu resolute/main amd64 libperlio-utf8-strict-perl amd64 0.010-1build4 [11.1 kB]
Get:146 http://archive.ubuntu.com/ubuntu resolute/main amd64 libpod-parser-perl all 1.67-1 [80.6 kB]
Get:147 http://archive.ubuntu.com/ubuntu resolute/main amd64 libpod-constants-perl all 0.19-2 [16.3 kB]
Get:148 http://archive.ubuntu.com/ubuntu resolute/main amd64 libproc-processtable-perl amd64 0.637-1 [35.6 kB]
Get:149 http://archive.ubuntu.com/ubuntu resolute/main amd64 libre2-11 amd64 20250805-1build3 [171 kB]
Get:150 http://archive.ubuntu.com/ubuntu resolute/main amd64 libre-engine-re2-perl amd64 0.18+ds-3build1 [19.1 kB]
Get:151 http://archive.ubuntu.com/ubuntu resolute/main amd64 libregexp-pattern-license-perl all 3.11.2-1 [85.3 kB]
Get:152 http://archive.ubuntu.com/ubuntu resolute/main amd64 libregexp-pattern-perl all 0.2.14-3 [17.3 kB]
Get:153 http://archive.ubuntu.com/ubuntu resolute/main amd64 libregexp-wildcards-perl all 1.05-3 [12.9 kB]
Get:154 http://archive.ubuntu.com/ubuntu resolute/main amd64 libsereal-decoder-perl amd64 5.004+ds-1build5 [101 kB]
Get:155 http://archive.ubuntu.com/ubuntu resolute/main amd64 libsereal-encoder-perl amd64 5.004+ds-1build4 [105 kB]
Get:156 http://archive.ubuntu.com/ubuntu resolute/main amd64 libset-intspan-perl all 1.19-3 [24.8 kB]
Get:157 http://archive.ubuntu.com/ubuntu resolute/main amd64 libsocket6-perl amd64 0.29-3build4 [17.6 kB]
Get:158 http://archive.ubuntu.com/ubuntu resolute/main amd64 libsort-versions-perl all 1.62-3 [7,378 B]
Get:159 http://archive.ubuntu.com/ubuntu resolute/main amd64 libstring-copyright-perl all 0.003014-1 [20.5 kB]
Get:160 http://archive.ubuntu.com/ubuntu resolute/main amd64 libstring-escape-perl all 2010.002-3 [16.1 kB]
Get:161 http://archive.ubuntu.com/ubuntu resolute/main amd64 libstring-license-perl all 0.0.11-1ubuntu1 [34.3 kB]
Get:162 http://archive.ubuntu.com/ubuntu resolute/main amd64 libstring-shellquote-perl all 1.04-3 [11.3 kB]
Get:163 http://archive.ubuntu.com/ubuntu resolute/main amd64 libsyntax-keyword-try-perl amd64 0.31-1 [24.6 kB]
Get:164 http://archive.ubuntu.com/ubuntu resolute/main amd64 libterm-readkey-perl amd64 2.38-2build5 [23.2 kB]
Get:165 http://archive.ubuntu.com/ubuntu resolute/main amd64 libtext-levenshteinxs-perl amd64 0.03-5build5 [8,116 B]
Get:166 http://archive.ubuntu.com/ubuntu resolute/main amd64 libtext-markdown-discount-perl amd64 0.18-1 [12.4 kB]
Get:167 http://archive.ubuntu.com/ubuntu resolute/main amd64 libtext-xslate-perl amd64 3.5.9-2build1 [161 kB]
Get:168 http://archive.ubuntu.com/ubuntu resolute/main amd64 libtime-duration-perl all 1.21-2 [12.3 kB]
Get:169 http://archive.ubuntu.com/ubuntu resolute/main amd64 libtime-moment-perl amd64 0.46-1 [76.1 kB]
Get:170 http://archive.ubuntu.com/ubuntu resolute/main amd64 libunicode-utf8-perl amd64 0.63-1 [19.0 kB]
Get:171 http://archive.ubuntu.com/ubuntu resolute/main amd64 libwww-mechanize-perl all 2.20-1ubuntu1 [95.5 kB]
Get:172 http://archive.ubuntu.com/ubuntu resolute/main amd64 libxml-namespacesupport-perl all 1.12-2 [13.5 kB]
Get:173 http://archive.ubuntu.com/ubuntu resolute/main amd64 libxml-sax-base-perl all 1.09-3 [18.9 kB]
Get:174 http://archive.ubuntu.com/ubuntu resolute/main amd64 libxml-sax-perl all 1.02+dfsg-4 [52.4 kB]
Get:175 http://archive.ubuntu.com/ubuntu resolute/main amd64 libxml-libxml-perl amd64 2.0207+dfsg+really+2.0207-0ubuntu7 [312 kB]
Get:176 http://archive.ubuntu.com/ubuntu resolute/main amd64 libxml-parser-perl amd64 2.47-1ubuntu1 [201 kB]
Get:177 http://archive.ubuntu.com/ubuntu resolute/main amd64 libxml-sax-expat-perl all 0.51-2 [8,644 B]
Get:178 http://archive.ubuntu.com/ubuntu resolute/main amd64 licensecheck all 3.3.9-1ubuntu2 [37.2 kB]
Get:179 http://archive.ubuntu.com/ubuntu resolute/main amd64 libdevel-size-perl amd64 0.86-1 [19.6 kB]
Get:180 http://archive.ubuntu.com/ubuntu resolute/main amd64 libipc-run3-perl all 0.049-1 [28.8 kB]
Get:181 http://archive.ubuntu.com/ubuntu resolute/main amd64 lzip amd64 1.26~rc1-2 [88.4 kB]
Get:182 http://archive.ubuntu.com/ubuntu resolute/main amd64 lzop amd64 1.04-2build4 [82.5 kB]
Get:183 http://archive.ubuntu.com/ubuntu resolute/main amd64 t1utils amd64 1.41-4build4 [62.7 kB]
Get:184 http://archive.ubuntu.com/ubuntu resolute-updates/main amd64 lintian all 2.129.0ubuntu2.1 [1,039 kB]
Get:185 http://archive.ubuntu.com/ubuntu resolute/main amd64 python3-nacl amd64 1.5.0-8 [65.3 kB]
Get:186 http://archive.ubuntu.com/ubuntu resolute/main amd64 python3-paramiko all 4.0.0-1ubuntu2 [146 kB]
Get:187 http://archive.ubuntu.com/ubuntu resolute/main amd64 python3-unidiff all 0.7.5-2build1 [12.1 kB]
Get:188 http://archive.ubuntu.com/ubuntu resolute-updates/main amd64 libauthen-sasl-perl all 2.2000-1ubuntu0.1 [47.5 kB]
Get:189 http://archive.ubuntu.com/ubuntu resolute/main amd64 python3-magic all 2:0.4.27-3build1 [13.6 kB]
Fetched 12.6 MB in 60s (212 kB/s)
Selecting previously unselected package libunwind8:amd64.
(Reading database… 
(Reading database… 5%
(Reading database… 10%
(Reading database… 15%
(Reading database… 20%
(Reading database… 25%
(Reading database… 30%
(Reading database… 35%
(Reading database… 40%
(Reading database… 45%
(Reading database… 50%
(Reading database… 55%
(Reading database… 60%
(Reading database… 65%
(Reading database… 70%
(Reading database… 75%
(Reading database… 80%
(Reading database… 85%
(Reading database… 90%
(Reading database… 95%
(Reading database… 100%
(Reading database… 62733 files and directories currently installed.)
Preparing to unpack …/000-libunwind8_1.8.3-0ubuntu1_amd64.deb…
Unpacking libunwind8:amd64 (1.8.3-0ubuntu1)…
Selecting previously unselected package strace.
Preparing to unpack …/001-strace_6.19+ds-0ubuntu5_amd64.deb…
Unpacking strace (6.19+ds-0ubuntu5)…
Selecting previously unselected package dctrl-tools.
Preparing to unpack …/002-dctrl-tools_2.24-3build4_amd64.deb…
Unpacking dctrl-tools (2.24-3build4)…
Selecting previously unselected package libconfig-inifiles-perl.
Preparing to unpack …/003-libconfig-inifiles-perl_3.000003-4ubuntu0.1_all.deb…
Unpacking libconfig-inifiles-perl (3.000003-4ubuntu0.1)…
Selecting previously unselected package libfile-dirlist-perl.
Preparing to unpack …/004-libfile-dirlist-perl_0.05-3_all.deb…
Unpacking libfile-dirlist-perl (0.05-3)…
Selecting previously unselected package libfile-which-perl.
Preparing to unpack …/005-libfile-which-perl_1.27-2_all.deb…
Unpacking libfile-which-perl (1.27-2)…
Selecting previously unselected package libfile-homedir-perl.
Preparing to unpack …/006-libfile-homedir-perl_1.006-2_all.deb…
Unpacking libfile-homedir-perl (1.006-2)…
Selecting previously unselected package libfile-touch-perl.
Preparing to unpack …/007-libfile-touch-perl_0.12-2_all.deb…
Unpacking libfile-touch-perl (0.12-2)…
Selecting previously unselected package libio-string-perl.
Preparing to unpack …/008-libio-string-perl_1.08-4_all.deb…
Unpacking libio-string-perl (1.08-4)…
Selecting previously unselected package libclass-method-modifiers-perl.
Preparing to unpack …/009-libclass-method-modifiers-perl_2.15-1_all.deb…
Unpacking libclass-method-modifiers-perl (2.15-1)…
Selecting previously unselected package libclass-xsaccessor-perl.
Preparing to unpack …/010-libclass-xsaccessor-perl_1.19-4build6_amd64.deb…
Unpacking libclass-xsaccessor-perl (1.19-4build6)…
Selecting previously unselected package libb-hooks-op-check-perl:amd64.
Preparing to unpack …/011-libb-hooks-op-check-perl_0.22-3build2_amd64.deb…
Unpacking libb-hooks-op-check-perl:amd64 (0.22-3build2)…
Selecting previously unselected package libdynaloader-functions-perl.
Preparing to unpack …/012-libdynaloader-functions-perl_0.004-2_all.deb…
Unpacking libdynaloader-functions-perl (0.004-2)…
Selecting previously unselected package libdevel-callchecker-perl:amd64.
Preparing to unpack …/013-libdevel-callchecker-perl_0.009-3_amd64.deb…
Unpacking libdevel-callchecker-perl:amd64 (0.009-3)…
Selecting previously unselected package libparams-classify-perl:amd64.
Preparing to unpack …/014-libparams-classify-perl_0.015-2build6_amd64.deb…
Unpacking libparams-classify-perl:amd64 (0.015-2build6)…
Selecting previously unselected package libmodule-runtime-perl.
Preparing to unpack …/015-libmodule-runtime-perl_0.018-1_all.deb…
Unpacking libmodule-runtime-perl (0.018-1)…
Selecting previously unselected package libimport-into-perl.
Preparing to unpack …/016-libimport-into-perl_1.002005-2_all.deb…
Unpacking libimport-into-perl (1.002005-2)…
Selecting previously unselected package librole-tiny-perl.
Preparing to unpack …/017-librole-tiny-perl_2.002004-1_all.deb…
Unpacking librole-tiny-perl (2.002004-1)…
Selecting previously unselected package libsub-quote-perl.
Preparing to unpack …/018-libsub-quote-perl_2.006009-1ubuntu1_all.deb…
Unpacking libsub-quote-perl (2.006009-1ubuntu1)…
Selecting previously unselected package libmoo-perl.
Preparing to unpack …/019-libmoo-perl_2.005005-1_all.deb…
Unpacking libmoo-perl (2.005005-1)…
Selecting previously unselected package libencode-locale-perl.
Preparing to unpack …/020-libencode-locale-perl_1.05-3_all.deb…
Unpacking libencode-locale-perl (1.05-3)…
Selecting previously unselected package libtimedate-perl.
Preparing to unpack …/021-libtimedate-perl_2.3300-2_all.deb…
Unpacking libtimedate-perl (2.3300-2)…
Selecting previously unselected package libhttp-date-perl.
Preparing to unpack …/022-libhttp-date-perl_6.06-1ubuntu0.26.04.1_all.deb…
Unpacking libhttp-date-perl (6.06-1ubuntu0.26.04.1)…
Selecting previously unselected package libfile-listing-perl.
Preparing to unpack …/023-libfile-listing-perl_6.16-1_all.deb…
Unpacking libfile-listing-perl (6.16-1)…
Selecting previously unselected package libhtml-tagset-perl.
Preparing to unpack …/024-libhtml-tagset-perl_3.24-1_all.deb…
Unpacking libhtml-tagset-perl (3.24-1)…
Selecting previously unselected package liburi-perl.
Preparing to unpack …/025-liburi-perl_5.34-2build1_all.deb…
Unpacking liburi-perl (5.34-2build1)…
Selecting previously unselected package libhtml-parser-perl:amd64.
Preparing to unpack …/026-libhtml-parser-perl_3.83-1ubuntu0.1_amd64.deb…
Unpacking libhtml-parser-perl:amd64 (3.83-1ubuntu0.1)…
Selecting previously unselected package libhtml-tree-perl.
Preparing to unpack …/027-libhtml-tree-perl_5.07-3_all.deb…
Unpacking libhtml-tree-perl (5.07-3)…
Selecting previously unselected package libclone-perl:amd64.
Preparing to unpack …/028-libclone-perl_0.47-1_amd64.deb…
Unpacking libclone-perl:amd64 (0.47-1)…
Selecting previously unselected package libio-html-perl.
Preparing to unpack …/029-libio-html-perl_1.004-3_all.deb…
Unpacking libio-html-perl (1.004-3)…
Selecting previously unselected package liblwp-mediatypes-perl.
Preparing to unpack …/030-liblwp-mediatypes-perl_6.04-2_all.deb…
Unpacking liblwp-mediatypes-perl (6.04-2)…
Selecting previously unselected package libhttp-message-perl.
Preparing to unpack …/031-libhttp-message-perl_7.01-1ubuntu1_all.deb…
Unpacking libhttp-message-perl (7.01-1ubuntu1)…
Selecting previously unselected package libhttp-cookies-perl.
Preparing to unpack …/032-libhttp-cookies-perl_6.11-1_all.deb…
Unpacking libhttp-cookies-perl (6.11-1)…
Selecting previously unselected package libhttp-negotiate-perl.
Preparing to unpack …/033-libhttp-negotiate-perl_6.01-2_all.deb…
Unpacking libhttp-negotiate-perl (6.01-2)…
Selecting previously unselected package perl-openssl-defaults:amd64.
Preparing to unpack …/034-perl-openssl-defaults_7build4_amd64.deb…
Unpacking perl-openssl-defaults:amd64 (7build4)…
Selecting previously unselected package libnet-ssleay-perl:amd64.
Preparing to unpack …/035-libnet-ssleay-perl_1.94-3_amd64.deb…
Unpacking libnet-ssleay-perl:amd64 (1.94-3)…
Selecting previously unselected package libio-socket-ssl-perl.
Preparing to unpack …/036-libio-socket-ssl-perl_2.098-1_all.deb…
Unpacking libio-socket-ssl-perl (2.098-1)…
Selecting previously unselected package libnet-http-perl.
Preparing to unpack …/037-libnet-http-perl_6.24-1build1_all.deb…
Unpacking libnet-http-perl (6.24-1build1)…
Selecting previously unselected package liblwp-protocol-https-perl.
Preparing to unpack …/038-liblwp-protocol-https-perl_6.14-1_all.deb…
Unpacking liblwp-protocol-https-perl (6.14-1)…
Selecting previously unselected package libtry-tiny-perl.
Preparing to unpack …/039-libtry-tiny-perl_0.32-1_all.deb…
Unpacking libtry-tiny-perl (0.32-1)…
Selecting previously unselected package libwww-robotrules-perl.
Preparing to unpack …/040-libwww-robotrules-perl_6.02-1build1_all.deb…
Unpacking libwww-robotrules-perl (6.02-1build1)…
Selecting previously unselected package libwww-perl.
Preparing to unpack …/041-libwww-perl_6.81-1ubuntu0.1_all.deb…
Unpacking libwww-perl (6.81-1ubuntu0.1)…
Selecting previously unselected package libyaml-libyaml-perl.
Preparing to unpack …/042-libyaml-libyaml-perl_0.904.0+ds-1_amd64.deb…
Unpacking libyaml-libyaml-perl (0.904.0+ds-1)…
Selecting previously unselected package patchutils.
Preparing to unpack …/043-patchutils_0.4.3-1ubuntu1_amd64.deb…
Unpacking patchutils (0.4.3-1ubuntu1)…
Selecting previously unselected package wdiff.
Preparing to unpack …/044-wdiff_1.2.2-9build1_amd64.deb…
Unpacking wdiff (1.2.2-9build1)…
Selecting previously unselected package devscripts.
Preparing to unpack …/045-devscripts_2.26.7_all.deb…
Unpacking devscripts (2.26.7)…
Selecting previously unselected package diffstat.
Preparing to unpack …/046-diffstat_1.68-1_amd64.deb…
Unpacking diffstat (1.68-1)…
Selecting previously unselected package python3-debian.
Preparing to unpack …/047-python3-debian_1.0.1ubuntu2_all.deb…
Unpacking python3-debian (1.0.1ubuntu2)…
Selecting previously unselected package libgpgme45:amd64.
Preparing to unpack …/048-libgpgme45_2.0.1-2build1_amd64.deb…
Unpacking libgpgme45:amd64 (2.0.1-2build1)…
Selecting previously unselected package python3-gpg.
Preparing to unpack …/049-python3-gpg_2.0.0-2build1_amd64.deb…
Unpacking python3-gpg (2.0.0-2build1)…
Selecting previously unselected package python3-xdg.
Preparing to unpack …/050-python3-xdg_0.28-3_all.deb…
Unpacking python3-xdg (0.28-3)…
Selecting previously unselected package dput.
Preparing to unpack …/051-dput_1.2.4ubuntu4_all.deb…
Unpacking dput (1.2.4ubuntu4)…
Selecting previously unselected package gettext.
Preparing to unpack …/052-gettext_0.23.2-1_amd64.deb…
Unpacking gettext (0.23.2-1)…
Selecting previously unselected package intltool-debian.
Preparing to unpack …/053-intltool-debian_0.35.0+20060710.6build1_all.deb…
Unpacking intltool-debian (0.35.0+20060710.6build1)…
Selecting previously unselected package libabsl20260107:amd64.
Preparing to unpack …/054-libabsl20260107_20260107.0-4_amd64.deb…
Unpacking libabsl20260107:amd64 (20260107.0-4)…
Selecting previously unselected package libaliased-perl.
Preparing to unpack …/055-libaliased-perl_0.34-3_all.deb…
Unpacking libaliased-perl (0.34-3)…
Selecting previously unselected package libapt-pkg-perl.
Preparing to unpack …/056-libapt-pkg-perl_0.1.43_amd64.deb…
Unpacking libapt-pkg-perl (0.1.43)…
Selecting previously unselected package libarchive-zip-perl.
Preparing to unpack …/057-libarchive-zip-perl_1.68-1_all.deb…
Unpacking libarchive-zip-perl (1.68-1)…
Selecting previously unselected package libarray-intspan-perl.
Preparing to unpack …/058-libarray-intspan-perl_2.004-2_all.deb…
Unpacking libarray-intspan-perl (2.004-2)…
Selecting previously unselected package libmodule-implementation-perl.
Preparing to unpack …/059-libmodule-implementation-perl_0.09-2_all.deb…
Unpacking libmodule-implementation-perl (0.09-2)…
Selecting previously unselected package libsub-exporter-progressive-perl.
Preparing to unpack …/060-libsub-exporter-progressive-perl_0.001013-3_all.deb…
Unpacking libsub-exporter-progressive-perl (0.001013-3)…
Selecting previously unselected package libvariable-magic-perl.
Preparing to unpack …/061-libvariable-magic-perl_0.64-1build1_amd64.deb…
Unpacking libvariable-magic-perl (0.64-1build1)…
Selecting previously unselected package libb-hooks-endofscope-perl.
Preparing to unpack …/062-libb-hooks-endofscope-perl_0.28-2_all.deb…
Unpacking libb-hooks-endofscope-perl (0.28-2)…
Selecting previously unselected package libberkeleydb-perl:amd64.
Preparing to unpack …/063-libberkeleydb-perl_0.66-2_amd64.deb…
Unpacking libberkeleydb-perl:amd64 (0.66-2)…
Selecting previously unselected package libcapture-tiny-perl.
Preparing to unpack …/064-libcapture-tiny-perl_0.50-1_all.deb…
Unpacking libcapture-tiny-perl (0.50-1)…
Selecting previously unselected package libcgi-pm-perl.
Preparing to unpack …/065-libcgi-pm-perl_4.71-1build1_all.deb…
Unpacking libcgi-pm-perl (4.71-1build1)…
Selecting previously unselected package libfcgi0t64:amd64.
Preparing to unpack …/066-libfcgi0t64_2.4.5-0.1build2_amd64.deb…
Unpacking libfcgi0t64:amd64 (2.4.5-0.1build2)…
Selecting previously unselected package libfcgi-perl.
Preparing to unpack …/067-libfcgi-perl_0.82+ds-3build3_amd64.deb…
Unpacking libfcgi-perl (0.82+ds-3build3)…
Selecting previously unselected package libcgi-fast-perl.
Preparing to unpack …/068-libcgi-fast-perl_1%3a2.17-1_all.deb…
Unpacking libcgi-fast-perl (1:2.17-1)…
Selecting previously unselected package libclass-data-inheritable-perl.
Preparing to unpack …/069-libclass-data-inheritable-perl_0.10-1_all.deb…
Unpacking libclass-data-inheritable-perl (0.10-1)…
Selecting previously unselected package libclass-inspector-perl.
Preparing to unpack …/070-libclass-inspector-perl_1.36-3_all.deb…
Unpacking libclass-inspector-perl (1.36-3)…
Selecting previously unselected package libcommon-sense-perl:amd64.
Preparing to unpack …/071-libcommon-sense-perl_3.75-3build5_amd64.deb…
Unpacking libcommon-sense-perl:amd64 (3.75-3build5)…
Selecting previously unselected package libconfig-tiny-perl.
Preparing to unpack …/072-libconfig-tiny-perl_2.30-1_all.deb…
Unpacking libconfig-tiny-perl (2.30-1)…
Selecting previously unselected package libparams-util-perl.
Preparing to unpack …/073-libparams-util-perl_1.102-3build1_amd64.deb…
Unpacking libparams-util-perl (1.102-3build1)…
Selecting previously unselected package libsub-install-perl.
Preparing to unpack …/074-libsub-install-perl_0.929-1_all.deb…
Unpacking libsub-install-perl (0.929-1)…
Selecting previously unselected package libdata-optlist-perl.
Preparing to unpack …/075-libdata-optlist-perl_0.114-1_all.deb…
Unpacking libdata-optlist-perl (0.114-1)…
Selecting previously unselected package libsub-exporter-perl.
Preparing to unpack …/076-libsub-exporter-perl_0.990-1_all.deb…
Unpacking libsub-exporter-perl (0.990-1)…
Selecting previously unselected package libconst-fast-perl.
Preparing to unpack …/077-libconst-fast-perl_0.014-2_all.deb…
Unpacking libconst-fast-perl (0.014-2)…
Selecting previously unselected package libcpanel-json-xs-perl:amd64.
Preparing to unpack …/078-libcpanel-json-xs-perl_4.40-1_amd64.deb…
Unpacking libcpanel-json-xs-perl:amd64 (4.40-1)…
Selecting previously unselected package libcrypt-urandom-perl.
Preparing to unpack …/079-libcrypt-urandom-perl_0.55-1_amd64.deb…
Unpacking libcrypt-urandom-perl (0.55-1)…
Selecting previously unselected package libdevel-stacktrace-perl.
Preparing to unpack …/080-libdevel-stacktrace-perl_2.0500-1_all.deb…
Unpacking libdevel-stacktrace-perl (2.0500-1)…
Selecting previously unselected package libexception-class-perl.
Preparing to unpack …/081-libexception-class-perl_1.45-1_all.deb…
Unpacking libexception-class-perl (1.45-1)…
Selecting previously unselected package libiterator-perl.
Preparing to unpack …/082-libiterator-perl_0.03+ds1-2_all.deb…
Unpacking libiterator-perl (0.03+ds1-2)…
Selecting previously unselected package libiterator-util-perl.
Preparing to unpack …/083-libiterator-util-perl_0.02+ds1-2_all.deb…
Unpacking libiterator-util-perl (0.02+ds1-2)…
Selecting previously unselected package libdata-dpath-perl.
Preparing to unpack …/084-libdata-dpath-perl_0.60-1_all.deb…
Unpacking libdata-dpath-perl (0.60-1)…
Selecting previously unselected package libdata-dump-perl.
Preparing to unpack …/085-libdata-dump-perl_1.25-1_all.deb…
Unpacking libdata-dump-perl (1.25-1)…
Selecting previously unselected package libdata-messagepack-perl.
Preparing to unpack …/086-libdata-messagepack-perl_1.02-3_amd64.deb…
Unpacking libdata-messagepack-perl (1.02-3)…
Selecting previously unselected package libnet-domain-tld-perl.
Preparing to unpack …/087-libnet-domain-tld-perl_1.75-4_all.deb…
Unpacking libnet-domain-tld-perl (1.75-4)…
Selecting previously unselected package libdata-validate-domain-perl.
Preparing to unpack …/088-libdata-validate-domain-perl_0.15-1_all.deb…
Unpacking libdata-validate-domain-perl (0.15-1)…
Selecting previously unselected package libnet-ipv6addr-perl.
Preparing to unpack …/089-libnet-ipv6addr-perl_1.02-1_all.deb…
Unpacking libnet-ipv6addr-perl (1.02-1)…
Selecting previously unselected package libnet-netmask-perl.
Preparing to unpack …/090-libnet-netmask-perl_2.0003-1build1_all.deb…
Unpacking libnet-netmask-perl (2.0003-1build1)…
Selecting previously unselected package libnetaddr-ip-perl.
Preparing to unpack …/091-libnetaddr-ip-perl_4.079+dfsg-2build5_amd64.deb…
Unpacking libnetaddr-ip-perl (4.079+dfsg-2build5)…
Selecting previously unselected package libdata-validate-ip-perl.
Preparing to unpack …/092-libdata-validate-ip-perl_0.31-1_all.deb…
Unpacking libdata-validate-ip-perl (0.31-1)…
Selecting previously unselected package libdata-validate-uri-perl.
Preparing to unpack …/093-libdata-validate-uri-perl_0.07-3_all.deb…
Unpacking libdata-validate-uri-perl (0.07-3)…
Selecting previously unselected package libdistro-info-perl.
Preparing to unpack …/094-libdistro-info-perl_1.15_all.deb…
Unpacking libdistro-info-perl (1.15)…
Selecting previously unselected package libemail-address-xs-perl.
Preparing to unpack …/095-libemail-address-xs-perl_1.05-1build5_amd64.deb…
Unpacking libemail-address-xs-perl (1.05-1build5)…
Selecting previously unselected package libexporter-tiny-perl.
Preparing to unpack …/096-libexporter-tiny-perl_1.006003-1_all.deb…
Unpacking libexporter-tiny-perl (1.006003-1)…
Selecting previously unselected package libfcgi-bin.
Preparing to unpack …/097-libfcgi-bin_2.4.5-0.1build2_amd64.deb…
Unpacking libfcgi-bin (2.4.5-0.1build2)…
Selecting previously unselected package libipc-system-simple-perl.
Preparing to unpack …/098-libipc-system-simple-perl_1.30-2_all.deb…
Unpacking libipc-system-simple-perl (1.30-2)…
Selecting previously unselected package libfile-basedir-perl.
Preparing to unpack …/099-libfile-basedir-perl_0.09-2_all.deb…
Unpacking libfile-basedir-perl (0.09-2)…
Selecting previously unselected package libnumber-compare-perl.
Preparing to unpack …/100-libnumber-compare-perl_0.03-3_all.deb…
Unpacking libnumber-compare-perl (0.03-3)…
Selecting previously unselected package libtext-glob-perl.
Preparing to unpack …/101-libtext-glob-perl_0.11-3_all.deb…
Unpacking libtext-glob-perl (0.11-3)…
Selecting previously unselected package libfile-find-rule-perl.
Preparing to unpack …/102-libfile-find-rule-perl_0.35-1build1_all.deb…
Unpacking libfile-find-rule-perl (0.35-1build1)…
Selecting previously unselected package libfile-libmagic-perl.
Preparing to unpack …/103-libfile-libmagic-perl_1.23-2build2_amd64.deb…
Unpacking libfile-libmagic-perl (1.23-2build2)…
Selecting previously unselected package libfile-sharedir-perl.
Preparing to unpack …/104-libfile-sharedir-perl_1.118-3_all.deb…
Unpacking libfile-sharedir-perl (1.118-3)…
Selecting previously unselected package libfont-afm-perl.
Preparing to unpack …/105-libfont-afm-perl_1.20-4_all.deb…
Unpacking libfont-afm-perl (1.20-4)…
Selecting previously unselected package libfont-ttf-perl.
Preparing to unpack …/106-libfont-ttf-perl_1.06-2_all.deb…
Unpacking libfont-ttf-perl (1.06-2)…
Selecting previously unselected package libfreezethaw-perl.
Preparing to unpack …/107-libfreezethaw-perl_0.5001-3_all.deb…
Unpacking libfreezethaw-perl (0.5001-3)…
Selecting previously unselected package libhtml-form-perl.
Preparing to unpack …/108-libhtml-form-perl_6.13-1build1_all.deb…
Unpacking libhtml-form-perl (6.13-1build1)…
Selecting previously unselected package libhtml-format-perl.
Preparing to unpack …/109-libhtml-format-perl_2.16-2_all.deb…
Unpacking libhtml-format-perl (2.16-2)…
Selecting previously unselected package libhtml-html5-entities-perl.
Preparing to unpack …/110-libhtml-html5-entities-perl_0.004-3_all.deb…
Unpacking libhtml-html5-entities-perl (0.004-3)…
Selecting previously unselected package libhtml-tokeparser-simple-perl.
Preparing to unpack …/111-libhtml-tokeparser-simple-perl_3.16-4_all.deb…
Unpacking libhtml-tokeparser-simple-perl (3.16-4)…
Selecting previously unselected package libhttp-daemon-perl.
Preparing to unpack …/112-libhttp-daemon-perl_6.16-1ubuntu0.26.04.1_all.deb…
Unpacking libhttp-daemon-perl (6.16-1ubuntu0.26.04.1)…
Selecting previously unselected package libindirect-perl.
Preparing to unpack …/113-libindirect-perl_0.39-2build5_amd64.deb…
Unpacking libindirect-perl (0.39-2build5)…
Selecting previously unselected package libio-interactive-perl.
Preparing to unpack …/114-libio-interactive-perl_1.027-1_all.deb…
Unpacking libio-interactive-perl (1.027-1)…
Selecting previously unselected package libtypes-serialiser-perl.
Preparing to unpack …/115-libtypes-serialiser-perl_1.01-1_all.deb…
Unpacking libtypes-serialiser-perl (1.01-1)…
Selecting previously unselected package libjson-xs-perl.
Preparing to unpack …/116-libjson-xs-perl_4.040-1_amd64.deb…
Unpacking libjson-xs-perl (4.040-1)…
Selecting previously unselected package libjson-maybexs-perl.
Preparing to unpack …/117-libjson-maybexs-perl_1.004008-1_all.deb…
Unpacking libjson-maybexs-perl (1.004008-1)…
Selecting previously unselected package libjson-perl.
Preparing to unpack …/118-libjson-perl_4.10000-1_all.deb…
Unpacking libjson-perl (4.10000-1)…
Selecting previously unselected package liblist-compare-perl.
Preparing to unpack …/119-liblist-compare-perl_0.55-2_all.deb…
Unpacking liblist-compare-perl (0.55-2)…
Selecting previously unselected package liblist-someutils-perl.
Preparing to unpack …/120-liblist-someutils-perl_0.59-1_all.deb…
Unpacking liblist-someutils-perl (0.59-1)…
Selecting previously unselected package liblist-someutils-xs-perl:amd64.
Preparing to unpack …/121-liblist-someutils-xs-perl_0.58-3build5_amd64.deb…
Unpacking liblist-someutils-xs-perl:amd64 (0.58-3build5)…
Selecting previously unselected package liblist-utilsby-perl.
Preparing to unpack …/122-liblist-utilsby-perl_0.12-2_all.deb…
Unpacking liblist-utilsby-perl (0.12-2)…
Selecting previously unselected package liblog-any-perl.
Preparing to unpack …/123-liblog-any-perl_1.718-1build1_all.deb…
Unpacking liblog-any-perl (1.718-1build1)…
Selecting previously unselected package liblog-any-adapter-screen-perl.
Preparing to unpack …/124-liblog-any-adapter-screen-perl_0.141-2_all.deb…
Unpacking liblog-any-adapter-screen-perl (0.141-2)…
Selecting previously unselected package libnet-smtp-ssl-perl.
Preparing to unpack …/125-libnet-smtp-ssl-perl_1.04-2_all.deb…
Unpacking libnet-smtp-ssl-perl (1.04-2)…
Selecting previously unselected package libmailtools-perl.
Preparing to unpack …/126-libmailtools-perl_2.22-1_all.deb…
Unpacking libmailtools-perl (2.22-1)…
Selecting previously unselected package libmarkdown2:amd64.
Preparing to unpack …/127-libmarkdown2_2.2.7-2.1build1_amd64.deb…
Unpacking libmarkdown2:amd64 (2.2.7-2.1build1)…
Selecting previously unselected package libmath-base85-perl.
Preparing to unpack …/128-libmath-base85-perl_0.5+dfsg-2_all.deb…
Unpacking libmath-base85-perl (0.5+dfsg-2)…
Selecting previously unselected package libmldbm-perl.
Preparing to unpack …/129-libmldbm-perl_2.05-4_all.deb…
Unpacking libmldbm-perl (2.05-4)…
Selecting previously unselected package libstrictures-perl.
Preparing to unpack …/130-libstrictures-perl_2.000006-1build1_all.deb…
Unpacking libstrictures-perl (2.000006-1build1)…
Selecting previously unselected package libmoox-aliases-perl.
Preparing to unpack …/131-libmoox-aliases-perl_0.001006-2_all.deb…
Unpacking libmoox-aliases-perl (0.001006-2)…
Selecting previously unselected package libmouse-perl:amd64.
Preparing to unpack …/132-libmouse-perl_2.6.1-1_amd64.deb…
Unpacking libmouse-perl:amd64 (2.6.1-1)…
Selecting previously unselected package libpackage-stash-perl.
Preparing to unpack …/133-libpackage-stash-perl_0.40-1_all.deb…
Unpacking libpackage-stash-perl (0.40-1)…
Selecting previously unselected package libsub-identify-perl.
Preparing to unpack …/134-libsub-identify-perl_0.14-4_amd64.deb…
Unpacking libsub-identify-perl (0.14-4)…
Selecting previously unselected package libsub-name-perl:amd64.
Preparing to unpack …/135-libsub-name-perl_0.28-1_amd64.deb…
Unpacking libsub-name-perl:amd64 (0.28-1)…
Selecting previously unselected package libnamespace-clean-perl.
Preparing to unpack …/136-libnamespace-clean-perl_0.27-2_all.deb…
Unpacking libnamespace-clean-perl (0.27-2)…
Selecting previously unselected package libxs-parse-keyword-perl.
Preparing to unpack …/137-libxs-parse-keyword-perl_0.49-1_amd64.deb…
Unpacking libxs-parse-keyword-perl (0.49-1)…
Selecting previously unselected package libxs-parse-sublike-perl:amd64.
Preparing to unpack …/138-libxs-parse-sublike-perl_0.41-1_amd64.deb…
Unpacking libxs-parse-sublike-perl:amd64 (0.41-1)…
Selecting previously unselected package libobject-pad-perl.
Preparing to unpack …/139-libobject-pad-perl_0.823-2_amd64.deb…
Unpacking libobject-pad-perl (0.823-2)…
Selecting previously unselected package libpackage-stash-xs-perl:amd64.
Preparing to unpack …/140-libpackage-stash-xs-perl_0.30-1build5_amd64.deb…
Unpacking libpackage-stash-xs-perl:amd64 (0.30-1build5)…
Selecting previously unselected package libpath-iterator-rule-perl.
Preparing to unpack …/141-libpath-iterator-rule-perl_1.015-2_all.deb…
Unpacking libpath-iterator-rule-perl (1.015-2)…
Selecting previously unselected package libpath-tiny-perl.
Preparing to unpack …/142-libpath-tiny-perl_0.148-1_all.deb…
Unpacking libpath-tiny-perl (0.148-1)…
Selecting previously unselected package libperlio-gzip-perl.
Preparing to unpack …/143-libperlio-gzip-perl_0.20-1build5_amd64.deb…
Unpacking libperlio-gzip-perl (0.20-1build5)…
Selecting previously unselected package libperlio-utf8-strict-perl.
Preparing to unpack …/144-libperlio-utf8-strict-perl_0.010-1build4_amd64.deb…
Unpacking libperlio-utf8-strict-perl (0.010-1build4)…
Selecting previously unselected package libpod-parser-perl.
Preparing to unpack …/145-libpod-parser-perl_1.67-1_all.deb…
Adding “diversion of /usr/bin/podselect to /usr/bin/podselect.bundled by libpod-parser-perl”
Adding “diversion of /usr/share/man/man1/podselect.1.gz to /usr/share/man/man1/podselect.bundled.1.gz by libpod-parser-perl”
Unpacking libpod-parser-perl (1.67-1)…
Selecting previously unselected package libpod-constants-perl.
Preparing to unpack …/146-libpod-constants-perl_0.19-2_all.deb…
Unpacking libpod-constants-perl (0.19-2)…
Selecting previously unselected package libproc-processtable-perl:amd64.
Preparing to unpack …/147-libproc-processtable-perl_0.637-1_amd64.deb…
Unpacking libproc-processtable-perl:amd64 (0.637-1)…
Selecting previously unselected package libre2-11:amd64.
Preparing to unpack …/148-libre2-11_20250805-1build3_amd64.deb…
Unpacking libre2-11:amd64 (20250805-1build3)…
Selecting previously unselected package libre-engine-re2-perl:amd64.
Preparing to unpack …/149-libre-engine-re2-perl_0.18+ds-3build1_amd64.deb…
Unpacking libre-engine-re2-perl:amd64 (0.18+ds-3build1)…
Selecting previously unselected package libregexp-pattern-license-perl.
Preparing to unpack …/150-libregexp-pattern-license-perl_3.11.2-1_all.deb…
Unpacking libregexp-pattern-license-perl (3.11.2-1)…
Selecting previously unselected package libregexp-pattern-perl.
Preparing to unpack …/151-libregexp-pattern-perl_0.2.14-3_all.deb…
Unpacking libregexp-pattern-perl (0.2.14-3)…
Selecting previously unselected package libregexp-wildcards-perl.
Preparing to unpack …/152-libregexp-wildcards-perl_1.05-3_all.deb…
Unpacking libregexp-wildcards-perl (1.05-3)…
Selecting previously unselected package libsereal-decoder-perl.
Preparing to unpack …/153-libsereal-decoder-perl_5.004+ds-1build5_amd64.deb…
Unpacking libsereal-decoder-perl (5.004+ds-1build5)…
Selecting previously unselected package libsereal-encoder-perl.
Preparing to unpack …/154-libsereal-encoder-perl_5.004+ds-1build4_amd64.deb…
Unpacking libsereal-encoder-perl (5.004+ds-1build4)…
Selecting previously unselected package libset-intspan-perl.
Preparing to unpack …/155-libset-intspan-perl_1.19-3_all.deb…
Unpacking libset-intspan-perl (1.19-3)…
Selecting previously unselected package libsocket6-perl.
Preparing to unpack …/156-libsocket6-perl_0.29-3build4_amd64.deb…
Unpacking libsocket6-perl (0.29-3build4)…
Selecting previously unselected package libsort-versions-perl.
Preparing to unpack …/157-libsort-versions-perl_1.62-3_all.deb…
Unpacking libsort-versions-perl (1.62-3)…
Selecting previously unselected package libstring-copyright-perl.
Preparing to unpack …/158-libstring-copyright-perl_0.003014-1_all.deb…
Unpacking libstring-copyright-perl (0.003014-1)…
Selecting previously unselected package libstring-escape-perl.
Preparing to unpack …/159-libstring-escape-perl_2010.002-3_all.deb…
Unpacking libstring-escape-perl (2010.002-3)…
Selecting previously unselected package libstring-license-perl.
Preparing to unpack …/160-libstring-license-perl_0.0.11-1ubuntu1_all.deb…
Unpacking libstring-license-perl (0.0.11-1ubuntu1)…
Selecting previously unselected package libstring-shellquote-perl.
Preparing to unpack …/161-libstring-shellquote-perl_1.04-3_all.deb…
Unpacking libstring-shellquote-perl (1.04-3)…
Selecting previously unselected package libsyntax-keyword-try-perl.
Preparing to unpack …/162-libsyntax-keyword-try-perl_0.31-1_amd64.deb…
Unpacking libsyntax-keyword-try-perl (0.31-1)…
Selecting previously unselected package libterm-readkey-perl.
Preparing to unpack …/163-libterm-readkey-perl_2.38-2build5_amd64.deb…
Unpacking libterm-readkey-perl (2.38-2build5)…
Selecting previously unselected package libtext-levenshteinxs-perl.
Preparing to unpack …/164-libtext-levenshteinxs-perl_0.03-5build5_amd64.deb…
Unpacking libtext-levenshteinxs-perl (0.03-5build5)…
Selecting previously unselected package libtext-markdown-discount-perl.
Preparing to unpack …/165-libtext-markdown-discount-perl_0.18-1_amd64.deb…
Unpacking libtext-markdown-discount-perl (0.18-1)…
Selecting previously unselected package libtext-xslate-perl:amd64.
Preparing to unpack …/166-libtext-xslate-perl_3.5.9-2build1_amd64.deb…
Unpacking libtext-xslate-perl:amd64 (3.5.9-2build1)…
Selecting previously unselected package libtime-duration-perl.
Preparing to unpack …/167-libtime-duration-perl_1.21-2_all.deb…
Unpacking libtime-duration-perl (1.21-2)…
Selecting previously unselected package libtime-moment-perl.
Preparing to unpack …/168-libtime-moment-perl_0.46-1_amd64.deb…
Unpacking libtime-moment-perl (0.46-1)…
Selecting previously unselected package libunicode-utf8-perl.
Preparing to unpack …/169-libunicode-utf8-perl_0.63-1_amd64.deb…
Unpacking libunicode-utf8-perl (0.63-1)…
Selecting previously unselected package libwww-mechanize-perl.
Preparing to unpack …/170-libwww-mechanize-perl_2.20-1ubuntu1_all.deb…
Unpacking libwww-mechanize-perl (2.20-1ubuntu1)…
Selecting previously unselected package libxml-namespacesupport-perl.
Preparing to unpack …/171-libxml-namespacesupport-perl_1.12-2_all.deb…
Unpacking libxml-namespacesupport-perl (1.12-2)…
Selecting previously unselected package libxml-sax-base-perl.
Preparing to unpack …/172-libxml-sax-base-perl_1.09-3_all.deb…
Unpacking libxml-sax-base-perl (1.09-3)…
Selecting previously unselected package libxml-sax-perl.
Preparing to unpack …/173-libxml-sax-perl_1.02+dfsg-4_all.deb…
Unpacking libxml-sax-perl (1.02+dfsg-4)…
Selecting previously unselected package libxml-libxml-perl.
Preparing to unpack …/174-libxml-libxml-perl_2.0207+dfsg+really+2.0207-0ubuntu7_amd64.deb…
Unpacking libxml-libxml-perl (2.0207+dfsg+really+2.0207-0ubuntu7)…
Selecting previously unselected package libxml-parser-perl.
Preparing to unpack …/175-libxml-parser-perl_2.47-1ubuntu1_amd64.deb…
Unpacking libxml-parser-perl (2.47-1ubuntu1)…
Selecting previously unselected package libxml-sax-expat-perl.
Preparing to unpack …/176-libxml-sax-expat-perl_0.51-2_all.deb…
Unpacking libxml-sax-expat-perl (0.51-2)…
Selecting previously unselected package licensecheck.
Preparing to unpack …/177-licensecheck_3.3.9-1ubuntu2_all.deb…
Unpacking licensecheck (3.3.9-1ubuntu2)…
Selecting previously unselected package libdevel-size-perl.
Preparing to unpack …/178-libdevel-size-perl_0.86-1_amd64.deb…
Unpacking libdevel-size-perl (0.86-1)…
Selecting previously unselected package libipc-run3-perl.
Preparing to unpack …/179-libipc-run3-perl_0.049-1_all.deb…
Unpacking libipc-run3-perl (0.049-1)…
Selecting previously unselected package lzip.
Preparing to unpack …/180-lzip_1.26~rc1-2_amd64.deb…
Unpacking lzip (1.26~rc1-2)…
Selecting previously unselected package lzop.
Preparing to unpack …/181-lzop_1.04-2build4_amd64.deb…
Unpacking lzop (1.04-2build4)…
Selecting previously unselected package t1utils.
Preparing to unpack …/182-t1utils_1.41-4build4_amd64.deb…
Unpacking t1utils (1.41-4build4)…
Selecting previously unselected package lintian.
Preparing to unpack …/183-lintian_2.129.0ubuntu2.1_all.deb…
Unpacking lintian (2.129.0ubuntu2.1)…
Selecting previously unselected package python3-nacl.
Preparing to unpack …/184-python3-nacl_1.5.0-8_amd64.deb…
Unpacking python3-nacl (1.5.0-8)…
Selecting previously unselected package python3-paramiko.
Preparing to unpack …/185-python3-paramiko_4.0.0-1ubuntu2_all.deb…
Unpacking python3-paramiko (4.0.0-1ubuntu2)…
Selecting previously unselected package python3-unidiff.
Preparing to unpack …/186-python3-unidiff_0.7.5-2build1_all.deb…
Unpacking python3-unidiff (0.7.5-2build1)…
Selecting previously unselected package libauthen-sasl-perl.
Preparing to unpack …/187-libauthen-sasl-perl_2.2000-1ubuntu0.1_all.deb…
Unpacking libauthen-sasl-perl (2.2000-1ubuntu0.1)…
Selecting previously unselected package python3-magic.
Preparing to unpack …/188-python3-magic_2%3a0.4.27-3build1_all.deb…
Unpacking python3-magic (2:0.4.27-3build1)…
Setting up libconfig-inifiles-perl (3.000003-4ubuntu0.1)…
Setting up libapt-pkg-perl (0.1.43)…
Setting up libstring-escape-perl (2010.002-3)…
Setting up libberkeleydb-perl:amd64 (0.66-2)…
Setting up wdiff (1.2.2-9build1)…
Setting up libfile-which-perl (1.27-2)…
Setting up gettext (0.23.2-1)…
Setting up libunicode-utf8-perl (0.63-1)…
Setting up libset-intspan-perl (1.19-3)…
Setting up libmouse-perl:amd64 (2.6.1-1)…
Setting up libregexp-pattern-perl (0.2.14-3)…
Setting up libdata-messagepack-perl (1.02-3)…
Setting up libclass-inspector-perl (1.36-3)…
Setting up libfont-afm-perl (1.20-4)…
Setting up libdynaloader-functions-perl (0.004-2)…
Setting up libtext-glob-perl (0.11-3)…
Setting up libclass-method-modifiers-perl (2.15-1)…
Setting up liblist-compare-perl (0.55-2)…
Setting up libclone-perl:amd64 (0.47-1)…
Setting up libarchive-zip-perl (1.68-1)…
Setting up libsub-identify-perl (0.14-4)…
Setting up libdistro-info-perl (1.15)…
Setting up libcpanel-json-xs-perl:amd64 (4.40-1)…
Setting up libfcgi0t64:amd64 (2.4.5-0.1build2)…
Setting up libhtml-tagset-perl (3.24-1)…
Setting up liblog-any-perl (1.718-1build1)…
Setting up libdevel-size-perl (0.86-1)…
Setting up libregexp-pattern-license-perl (3.11.2-1)…
Setting up liblwp-mediatypes-perl (6.04-2)…
Setting up libyaml-libyaml-perl (0.904.0+ds-1)…
Setting up libcrypt-urandom-perl (0.55-1)…
Setting up libio-interactive-perl (1.027-1)…
Setting up libfcgi-bin (2.4.5-0.1build2)…
Setting up libtry-tiny-perl (0.32-1)…
Setting up perl-openssl-defaults:amd64 (7build4)…
Setting up libcommon-sense-perl:amd64 (3.75-3build5)…
Setting up libmldbm-perl (2.05-4)…
Setting up libxml-namespacesupport-perl (1.12-2)…
Setting up libtime-moment-perl (0.46-1)…
Setting up libencode-locale-perl (1.05-3)…
Setting up libmath-base85-perl (0.5+dfsg-2)…
Setting up python3-xdg (0.28-3)…
Setting up libconfig-tiny-perl (2.30-1)…
Setting up libsereal-encoder-perl (5.004+ds-1build4)…
Setting up libunwind8:amd64 (1.8.3-0ubuntu1)…
Setting up liblist-utilsby-perl (0.12-2)…
Setting up libstring-shellquote-perl (1.04-3)…
Setting up libnet-netmask-perl (2.0003-1build1)…
Setting up libsub-install-perl (0.929-1)…
Setting up libindirect-perl (0.39-2build5)…
Setting up libnumber-compare-perl (0.03-3)…
Setting up intltool-debian (0.35.0+20060710.6build1)…
Setting up libfreezethaw-perl (0.5001-3)…
Setting up patchutils (0.4.3-1ubuntu1)…
Setting up libjson-maybexs-perl (1.004008-1)…
Setting up libxml-sax-base-perl (1.09-3)…
Setting up libio-string-perl (1.08-4)…
Setting up libnetaddr-ip-perl (4.079+dfsg-2build5)…
Setting up libpackage-stash-xs-perl:amd64 (0.30-1build5)…
Setting up libclass-data-inheritable-perl (0.10-1)…
Setting up libdata-dump-perl (1.25-1)…
Setting up libfile-find-rule-perl (0.35-1build1)…
Setting up libipc-system-simple-perl (1.30-2)…
Setting up libnet-domain-tld-perl (1.75-4)…
Setting up libperlio-utf8-strict-perl (0.010-1build4)…
Setting up libsocket6-perl (0.29-3build4)…
Setting up lzip (1.26~rc1-2)…
update-alternatives: using /usr/bin/lzip.lzip to provide /usr/bin/lzip (lzip) in auto mode
update-alternatives: using /usr/bin/lzip.lzip to provide /usr/bin/lzip-compressor (lzip-compressor) in auto mode
update-alternatives: using /usr/bin/lzip.lzip to provide /usr/bin/lzip-decompressor (lzip-decompressor) in auto mode
Setting up strace (6.19+ds-0ubuntu5)…
Setting up python3-debian (1.0.1ubuntu2)…
Setting up t1utils (1.41-4build4)…
Setting up diffstat (1.68-1)…
Setting up libvariable-magic-perl (0.64-1build1)…
Setting up libio-html-perl (1.004-3)…
Setting up libpod-parser-perl (1.67-1)…
Setting up libb-hooks-op-check-perl:amd64 (0.22-3build2)…
Setting up libfile-libmagic-perl (1.23-2build2)…
Setting up libparams-util-perl (1.102-3build1)…
Setting up libtime-duration-perl (1.21-2)…
Setting up libtext-xslate-perl:amd64 (3.5.9-2build1)…
Setting up libsub-exporter-progressive-perl (0.001013-3)…
Setting up libarray-intspan-perl (2.004-2)…
Setting up libcapture-tiny-perl (0.50-1)…
Setting up libtimedate-perl (2.3300-2)…
Setting up libsub-name-perl:amd64 (0.28-1)…
Setting up libtypes-serialiser-perl (1.01-1)…
Setting up libdata-validate-domain-perl (0.15-1)…
Setting up libproc-processtable-perl:amd64 (0.637-1)…
Setting up libpath-tiny-perl (0.148-1)…
Setting up lzop (1.04-2build4)…
Setting up libjson-perl (4.10000-1)…
Setting up liblog-any-adapter-screen-perl (0.141-2)…
Setting up librole-tiny-perl (2.002004-1)…
Setting up libipc-run3-perl (0.049-1)…
Setting up libregexp-wildcards-perl (1.05-3)…
Setting up libfile-sharedir-perl (1.118-3)…
Setting up libfcgi-perl (0.82+ds-3build3)…
Setting up libaliased-perl (0.34-3)…
Setting up libabsl20260107:amd64 (20260107.0-4)…
Setting up python3-unidiff (0.7.5-2build1)…
Setting up libstrictures-perl (2.000006-1build1)…
Setting up libsub-quote-perl (2.006009-1ubuntu1)…
Setting up libdevel-stacktrace-perl (2.0500-1)…
Setting up libclass-xsaccessor-perl (1.19-4build6)…
Setting up libsort-versions-perl (1.62-3)…
Setting up libexporter-tiny-perl (1.006003-1)…
Setting up libfile-dirlist-perl (0.05-3)…
Setting up libterm-readkey-perl (2.38-2build5)…
Setting up libfont-ttf-perl (1.06-2)…
Setting up libfile-homedir-perl (1.006-2)…
Setting up python3-magic (2:0.4.27-3build1)…
Setting up libgpgme45:amd64 (2.0.1-2build1)…
Setting up libtext-levenshteinxs-perl (0.03-5build5)…
Setting up libperlio-gzip-perl (0.20-1build5)…
Setting up libhtml-html5-entities-perl (0.004-3)…
Setting up libsereal-decoder-perl (5.004+ds-1build5)…
Setting up libmarkdown2:amd64 (2.2.7-2.1build1)…
Setting up liburi-perl (5.34-2build1)…
Setting up libnet-ipv6addr-perl (1.02-1)…
Setting up libfile-touch-perl (0.12-2)…
Setting up python3-nacl (1.5.0-8)…
Setting up dctrl-tools (2.24-3build4)…
Setting up libdata-validate-ip-perl (0.31-1)…
Setting up libemail-address-xs-perl (1.05-1build5)…
Setting up libnet-ssleay-perl:amd64 (1.94-3)…
Setting up libjson-xs-perl (4.040-1)…
Setting up libhttp-date-perl (6.06-1ubuntu0.26.04.1)…
Setting up libre2-11:amd64 (20250805-1build3)…
Setting up libfile-basedir-perl (0.09-2)…
Setting up libfile-listing-perl (6.16-1)…
Setting up libauthen-sasl-perl (2.2000-1ubuntu0.1)…
Setting up libpod-constants-perl (0.19-2)…
Setting up libnet-http-perl (6.24-1build1)…
Setting up libpath-iterator-rule-perl (1.015-2)…
Setting up libtext-markdown-discount-perl (0.18-1)…
Setting up libexception-class-perl (1.45-1)…
Setting up libdevel-callchecker-perl:amd64 (0.009-3)…
Setting up libxml-sax-perl (1.02+dfsg-4)…
update-perl-sax-parsers: Registering Perl SAX parser XML::SAX::PurePerl with priority 10...
update-perl-sax-parsers: Updating overall Perl SAX parser modules info file...
Creating config file /etc/perl/XML/SAX/ParserDetails.ini with new version
Setting up libxs-parse-sublike-perl:amd64 (0.41-1)…
Setting up libdata-validate-uri-perl (0.07-3)…
Setting up libxs-parse-keyword-perl (0.49-1)…
Setting up python3-gpg (2.0.0-2build1)…
Setting up libstring-copyright-perl (0.003014-1)…
Setting up libdata-optlist-perl (0.114-1)…
Setting up libxml-libxml-perl (2.0207+dfsg+really+2.0207-0ubuntu7)…
update-perl-sax-parsers: Registering Perl SAX parser XML::LibXML::SAX::Parser with priority 50...
update-perl-sax-parsers: Registering Perl SAX parser XML::LibXML::SAX with priority 50...
update-perl-sax-parsers: Updating overall Perl SAX parser modules info file...
Replacing config file /etc/perl/XML/SAX/ParserDetails.ini with new version
Setting up libwww-robotrules-perl (6.02-1build1)…
Setting up libsyntax-keyword-try-perl (0.31-1)…
Setting up libhtml-parser-perl:amd64 (3.83-1ubuntu0.1)…
Setting up libre-engine-re2-perl:amd64 (0.18+ds-3build1)…
Setting up python3-paramiko (4.0.0-1ubuntu2)…
Setting up libio-socket-ssl-perl (2.098-1)…
Setting up libsub-exporter-perl (0.990-1)…
Setting up libhttp-message-perl (7.01-1ubuntu1)…
Setting up libhtml-form-perl (6.13-1build1)…
Setting up libiterator-perl (0.03+ds1-2)…
Setting up libhttp-negotiate-perl (6.01-2)…
Setting up libiterator-util-perl (0.02+ds1-2)…
Setting up libhttp-cookies-perl (6.11-1)…
Setting up libhtml-tree-perl (5.07-3)…
Setting up libparams-classify-perl:amd64 (0.015-2build6)…
Setting up libcgi-pm-perl (4.71-1build1)…
Setting up libhtml-format-perl (2.16-2)…
Setting up dput (1.2.4ubuntu4)…
Setting up libobject-pad-perl (0.823-2)…
Setting up libnet-smtp-ssl-perl (1.04-2)…
Setting up libmodule-runtime-perl (0.018-1)…
Setting up libmailtools-perl (2.22-1)…
Setting up libconst-fast-perl (0.014-2)…
Setting up libhttp-daemon-perl (6.16-1ubuntu0.26.04.1)…
Setting up libdata-dpath-perl (0.60-1)…
Setting up libmodule-implementation-perl (0.09-2)…
Setting up libcgi-fast-perl (1:2.17-1)…
Setting up libpackage-stash-perl (0.40-1)…
Setting up libimport-into-perl (1.002005-2)…
Setting up libmoo-perl (2.005005-1)…
Setting up liblist-someutils-perl (0.59-1)…
Setting up liblist-someutils-xs-perl:amd64 (0.58-3build5)…
Setting up libmoox-aliases-perl (0.001006-2)…
Setting up libb-hooks-endofscope-perl (0.28-2)…
Setting up libnamespace-clean-perl (0.27-2)…
Setting up libstring-license-perl (0.0.11-1ubuntu1)…
Setting up licensecheck (3.3.9-1ubuntu2)…
Setting up liblwp-protocol-https-perl (6.14-1)…
Setting up libwww-perl (6.81-1ubuntu0.1)…
Setting up libhtml-tokeparser-simple-perl (3.16-4)…
Setting up libwww-mechanize-perl (2.20-1ubuntu1)…
Setting up devscripts (2.26.7)…
Setting up libxml-parser-perl (2.47-1ubuntu1)…
Setting up lintian (2.129.0ubuntu2.1)…
Setting up libxml-sax-expat-perl (0.51-2)…
update-perl-sax-parsers: Registering Perl SAX parser XML::SAX::Expat with priority 50...
update-perl-sax-parsers: Updating overall Perl SAX parser modules info file...
Replacing config file /etc/perl/XML/SAX/ParserDetails.ini with new version
Processing triggers for install-info (7.2-5ubuntu2)…
Processing triggers for libc-bin (2.43-2ubuntu2.4)…
Processing triggers for man-db (2.13.1-1build1)…

WARNING: apt does not have a stable CLI interface. Use with caution in scripts.

Reading package lists...
Building dependency tree...
Reading state information...
python3-dev is already the newest version (3.14.3-0ubuntu2).
Solving dependencies...
Summary:
  Upgrading: 0, Installing: 0, Removing: 0, Not Upgrading: 17

WARNING: apt does not have a stable CLI interface. Use with caution in scripts.

Reading package lists...
Building dependency tree...
Reading state information...
Solving dependencies...
Installing:
  autoconf

Installing dependencies:
  automake  autotools-dev  m4

Suggested packages:
  autoconf-archive  gnu-standards  autoconf-doc  libtool  m4-doc

Summary:
  Upgrading: 0, Installing: 4, Removing: 0, Not Upgrading: 17
  Download size: 1,229 kB
  Space needed: 4,565 kB / 1,021 GB available

Get:1 http://archive.ubuntu.com/ubuntu resolute/main amd64 m4 amd64 1.4.21-1 [219 kB]
Get:2 http://archive.ubuntu.com/ubuntu resolute/main amd64 autoconf all 2.72-3.1ubuntu2 [384 kB]
Get:3 http://archive.ubuntu.com/ubuntu resolute/main amd64 autotools-dev all 20240727.1build1 [43.4 kB]
Get:4 http://archive.ubuntu.com/ubuntu resolute/main amd64 automake all 1:1.18.1-3build1 [582 kB]
Fetched 1,229 kB in 3s (418 kB/s)
Selecting previously unselected package m4.
(Reading database… 
(Reading database… 5%
(Reading database… 10%
(Reading database… 15%
(Reading database… 20%
(Reading database… 25%
(Reading database… 30%
(Reading database… 35%
(Reading database… 40%
(Reading database… 45%
(Reading database… 50%
(Reading database… 55%
(Reading database… 60%
(Reading database… 65%
(Reading database… 70%
(Reading database… 75%
(Reading database… 80%
(Reading database… 85%
(Reading database… 90%
(Reading database… 95%
(Reading database… 100%
(Reading database… 69597 files and directories currently installed.)
Preparing to unpack …/archives/m4_1.4.21-1_amd64.deb…
Unpacking m4 (1.4.21-1)…
Selecting previously unselected package autoconf.
Preparing to unpack …/autoconf_2.72-3.1ubuntu2_all.deb…
Unpacking autoconf (2.72-3.1ubuntu2)…
Selecting previously unselected package autotools-dev.
Preparing to unpack …/autotools-dev_20240727.1build1_all.deb…
Unpacking autotools-dev (20240727.1build1)…
Selecting previously unselected package automake.
Preparing to unpack …/automake_1%3a1.18.1-3build1_all.deb…
Unpacking automake (1:1.18.1-3build1)…
Setting up m4 (1.4.21-1)…
Setting up autotools-dev (20240727.1build1)…
Setting up autoconf (2.72-3.1ubuntu2)…
Setting up automake (1:1.18.1-3build1)…
update-alternatives: using /usr/bin/automake-1.18 to provide /usr/bin/automake (automake) in auto mode
Processing triggers for install-info (7.2-5ubuntu2)…
Processing triggers for man-db (2.13.1-1build1)…

WARNING: apt does not have a stable CLI interface. Use with caution in scripts.

Reading package lists...
Building dependency tree...
Reading state information...
gcc is already the newest version (4:15.2.0-5ubuntu1).
gcc set to manually installed.
Solving dependencies...
Summary:
  Upgrading: 0, Installing: 0, Removing: 0, Not Upgrading: 17

WARNING: apt does not have a stable CLI interface. Use with caution in scripts.

Reading package lists...
Building dependency tree...
Reading state information...
Solving dependencies...
Installing:
  lrzsz

Suggested packages:
  minicom

Summary:
  Upgrading: 0, Installing: 1, Removing: 0, Not Upgrading: 17
  Download size: 72.1 kB
  Space needed: 213 kB / 1,021 GB available

Get:1 http://archive.ubuntu.com/ubuntu resolute/universe amd64 lrzsz amd64 0.12.21rc-0.3 [72.1 kB]
Fetched 72.1 kB in 1s (52.7 kB/s)
Selecting previously unselected package lrzsz.
(Reading database… 
(Reading database… 5%
(Reading database… 10%
(Reading database… 15%
(Reading database… 20%
(Reading database… 25%
(Reading database… 30%
(Reading database… 35%
(Reading database… 40%
(Reading database… 45%
(Reading database… 50%
(Reading database… 55%
(Reading database… 60%
(Reading database… 65%
(Reading database… 70%
(Reading database… 75%
(Reading database… 80%
(Reading database… 85%
(Reading database… 90%
(Reading database… 95%
(Reading database… 100%
(Reading database… 69888 files and directories currently installed.)
Preparing to unpack …/lrzsz_0.12.21rc-0.3_amd64.deb…
Unpacking lrzsz (0.12.21rc-0.3)…
Setting up lrzsz (0.12.21rc-0.3)…
Processing triggers for man-db (2.13.1-1build1)…

WARNING: apt does not have a stable CLI interface. Use with caution in scripts.

Reading package lists...
Building dependency tree...
Reading state information...
Solving dependencies...
Installing:
  libffi-dev

Summary:
  Upgrading: 0, Installing: 1, Removing: 0, Not Upgrading: 17
  Download size: 66.5 kB
  Space needed: 370 kB / 1,021 GB available

Get:1 http://archive.ubuntu.com/ubuntu resolute/main amd64 libffi-dev amd64 3.5.2-4 [66.5 kB]
Fetched 66.5 kB in 1s (47.3 kB/s)
Selecting previously unselected package libffi-dev:amd64.
(Reading database… 
(Reading database… 5%
(Reading database… 10%
(Reading database… 15%
(Reading database… 20%
(Reading database… 25%
(Reading database… 30%
(Reading database… 35%
(Reading database… 40%
(Reading database… 45%
(Reading database… 50%
(Reading database… 55%
(Reading database… 60%
(Reading database… 65%
(Reading database… 70%
(Reading database… 75%
(Reading database… 80%
(Reading database… 85%
(Reading database… 90%
(Reading database… 95%
(Reading database… 100%
(Reading database… 69908 files and directories currently installed.)
Preparing to unpack …/libffi-dev_3.5.2-4_amd64.deb…
Unpacking libffi-dev:amd64 (3.5.2-4)…
Setting up libffi-dev:amd64 (3.5.2-4)…
Processing triggers for install-info (7.2-5ubuntu2)…
Processing triggers for man-db (2.13.1-1build1)…

WARNING: apt does not have a stable CLI interface. Use with caution in scripts.

Reading package lists...
Building dependency tree...
Reading state information...
automake is already the newest version (1:1.18.1-3build1).
automake set to manually installed.
make is already the newest version (4.4.1-3).
make set to manually installed.
Solving dependencies...
Installing:
  cmake

Installing dependencies:
  cmake-data  libarchive13t64  libjsoncpp26  librhash1

Suggested packages:
  cmake-doc  cmake-format  elpa-cmake-mode  ninja-build  lrzip

Summary:
  Upgrading: 0, Installing: 5, Removing: 0, Not Upgrading: 17
  Download size: 16.9 MB
  Space needed: 60.0 MB / 1,021 GB available

Get:1 http://archive.ubuntu.com/ubuntu resolute/main amd64 cmake-data all 4.2.3-2ubuntu2 [2,581 kB]
Get:2 http://archive.ubuntu.com/ubuntu resolute-updates/main amd64 libarchive13t64 amd64 3.8.5-1ubuntu2.2 [397 kB]
Get:3 http://archive.ubuntu.com/ubuntu resolute/main amd64 libjsoncpp26 amd64 1.9.6-5 [84.0 kB]
Get:4 http://archive.ubuntu.com/ubuntu resolute/main amd64 librhash1 amd64 1.4.6-1.1 [133 kB]
Get:5 http://archive.ubuntu.com/ubuntu resolute/main amd64 cmake amd64 4.2.3-2ubuntu2 [13.7 MB]
Fetched 16.9 MB in 6s (2,758 kB/s)
Selecting previously unselected package cmake-data.
(Reading database… 
(Reading database… 5%
(Reading database… 10%
(Reading database… 15%
(Reading database… 20%
(Reading database… 25%
(Reading database… 30%
(Reading database… 35%
(Reading database… 40%
(Reading database… 45%
(Reading database… 50%
(Reading database… 55%
(Reading database… 60%
(Reading database… 65%
(Reading database… 70%
(Reading database… 75%
(Reading database… 80%
(Reading database… 85%
(Reading database… 90%
(Reading database… 95%
(Reading database… 100%
(Reading database… 69943 files and directories currently installed.)
Preparing to unpack …/cmake-data_4.2.3-2ubuntu2_all.deb…
Unpacking cmake-data (4.2.3-2ubuntu2)…
Selecting previously unselected package libarchive13t64:amd64.
Preparing to unpack …/libarchive13t64_3.8.5-1ubuntu2.2_amd64.deb…
Unpacking libarchive13t64:amd64 (3.8.5-1ubuntu2.2)…
Selecting previously unselected package libjsoncpp26:amd64.
Preparing to unpack …/libjsoncpp26_1.9.6-5_amd64.deb…
Unpacking libjsoncpp26:amd64 (1.9.6-5)…
Selecting previously unselected package librhash1:amd64.
Preparing to unpack …/librhash1_1.4.6-1.1_amd64.deb…
Unpacking librhash1:amd64 (1.4.6-1.1)…
Selecting previously unselected package cmake.
Preparing to unpack …/cmake_4.2.3-2ubuntu2_amd64.deb…
Unpacking cmake (4.2.3-2ubuntu2)…
Setting up libjsoncpp26:amd64 (1.9.6-5)…
Setting up cmake-data (4.2.3-2ubuntu2)…
Setting up librhash1:amd64 (1.4.6-1.1)…
Setting up libarchive13t64:amd64 (3.8.5-1ubuntu2.2)…
Setting up cmake (4.2.3-2ubuntu2)…
Processing triggers for man-db (2.13.1-1build1)…
Processing triggers for libc-bin (2.43-2ubuntu2.4)…

WARNING: apt does not have a stable CLI interface. Use with caution in scripts.

Reading package lists...
Building dependency tree...
Reading state information...
Solving dependencies...
Installing:
  scons  webp

Installing dependencies:
  libdeflate0  libjbig0        liblerc4    libwebp7
  libgif7      libjpeg-turbo8  libopengl0  libwebpdemux2
  libglut3.12  libjpeg8        libtiff6    libwebpmux3

Suggested packages:
  scons-doc

Summary:
  Upgrading: 0, Installing: 14, Removing: 0, Not Upgrading: 17
  Download size: 1,664 kB
  Space needed: 6,655 kB / 1,021 GB available

Get:1 http://archive.ubuntu.com/ubuntu resolute/main amd64 libdeflate0 amd64 1.23-2ubuntu1 [51.7 kB]
Get:2 http://archive.ubuntu.com/ubuntu resolute-updates/main amd64 libgif7 amd64 5.2.2-1ubuntu3.2 [34.7 kB]
Get:3 http://archive.ubuntu.com/ubuntu resolute/universe amd64 libglut3.12 amd64 3.4.0-6 [101 kB]
Get:4 http://archive.ubuntu.com/ubuntu resolute/main amd64 libjpeg-turbo8 amd64 2.1.5-4ubuntu4 [153 kB]
Get:5 http://archive.ubuntu.com/ubuntu resolute/main amd64 libjpeg8 amd64 8c-2ubuntu12 [2,142 B]
Get:6 http://archive.ubuntu.com/ubuntu resolute/main amd64 liblerc4 amd64 4.0.0+ds-5ubuntu2 [207 kB]
Get:7 http://archive.ubuntu.com/ubuntu resolute/main amd64 libjbig0 amd64 2.1-6.1ubuntu3 [30.0 kB]
Get:8 http://archive.ubuntu.com/ubuntu resolute/main amd64 libwebp7 amd64 1.5.0-0.1build1 [264 kB]
Get:9 http://archive.ubuntu.com/ubuntu resolute-updates/main amd64 libtiff6 amd64 4.7.0-3ubuntu5 [206 kB]
Get:10 http://archive.ubuntu.com/ubuntu resolute/main amd64 libwebpdemux2 amd64 1.5.0-0.1build1 [12.8 kB]
Get:11 http://archive.ubuntu.com/ubuntu resolute/main amd64 libwebpmux3 amd64 1.5.0-0.1build1 [26.4 kB]
Get:12 http://archive.ubuntu.com/ubuntu resolute/universe amd64 scons all 4.8.1+dfsg-1build1 [439 kB]
Get:13 http://archive.ubuntu.com/ubuntu resolute/main amd64 libopengl0 amd64 1.7.0-3 [32.8 kB]
Get:14 http://archive.ubuntu.com/ubuntu resolute/universe amd64 webp amd64 1.5.0-0.1build1 [104 kB]
Fetched 1,664 kB in 8s (213 kB/s)
Selecting previously unselected package libdeflate0:amd64.
(Reading database… 
(Reading database… 5%
(Reading database… 10%
(Reading database… 15%
(Reading database… 20%
(Reading database… 25%
(Reading database… 30%
(Reading database… 35%
(Reading database… 40%
(Reading database… 45%
(Reading database… 50%
(Reading database… 55%
(Reading database… 60%
(Reading database… 65%
(Reading database… 70%
(Reading database… 75%
(Reading database… 80%
(Reading database… 85%
(Reading database… 90%
(Reading database… 95%
(Reading database… 100%
(Reading database… 74060 files and directories currently installed.)
Preparing to unpack …/00-libdeflate0_1.23-2ubuntu1_amd64.deb…
Unpacking libdeflate0:amd64 (1.23-2ubuntu1)…
Selecting previously unselected package libgif7:amd64.
Preparing to unpack …/01-libgif7_5.2.2-1ubuntu3.2_amd64.deb…
Unpacking libgif7:amd64 (5.2.2-1ubuntu3.2)…
Selecting previously unselected package libglut3.12:amd64.
Preparing to unpack …/02-libglut3.12_3.4.0-6_amd64.deb…
Unpacking libglut3.12:amd64 (3.4.0-6)…
Selecting previously unselected package libjpeg-turbo8:amd64.
Preparing to unpack …/03-libjpeg-turbo8_2.1.5-4ubuntu4_amd64.deb…
Unpacking libjpeg-turbo8:amd64 (2.1.5-4ubuntu4)…
Selecting previously unselected package libjpeg8:amd64.
Preparing to unpack …/04-libjpeg8_8c-2ubuntu12_amd64.deb…
Unpacking libjpeg8:amd64 (8c-2ubuntu12)…
Selecting previously unselected package liblerc4:amd64.
Preparing to unpack …/05-liblerc4_4.0.0+ds-5ubuntu2_amd64.deb…
Unpacking liblerc4:amd64 (4.0.0+ds-5ubuntu2)…
Selecting previously unselected package libjbig0:amd64.
Preparing to unpack …/06-libjbig0_2.1-6.1ubuntu3_amd64.deb…
Unpacking libjbig0:amd64 (2.1-6.1ubuntu3)…
Selecting previously unselected package libwebp7:amd64.
Preparing to unpack …/07-libwebp7_1.5.0-0.1build1_amd64.deb…
Unpacking libwebp7:amd64 (1.5.0-0.1build1)…
Selecting previously unselected package libtiff6:amd64.
Preparing to unpack …/08-libtiff6_4.7.0-3ubuntu5_amd64.deb…
Unpacking libtiff6:amd64 (4.7.0-3ubuntu5)…
Selecting previously unselected package libwebpdemux2:amd64.
Preparing to unpack …/09-libwebpdemux2_1.5.0-0.1build1_amd64.deb…
Unpacking libwebpdemux2:amd64 (1.5.0-0.1build1)…
Selecting previously unselected package libwebpmux3:amd64.
Preparing to unpack …/10-libwebpmux3_1.5.0-0.1build1_amd64.deb…
Unpacking libwebpmux3:amd64 (1.5.0-0.1build1)…
Selecting previously unselected package scons.
Preparing to unpack …/11-scons_4.8.1+dfsg-1build1_all.deb…
Unpacking scons (4.8.1+dfsg-1build1)…
Selecting previously unselected package libopengl0:amd64.
Preparing to unpack …/12-libopengl0_1.7.0-3_amd64.deb…
Unpacking libopengl0:amd64 (1.7.0-3)…
Selecting previously unselected package webp.
Preparing to unpack …/13-webp_1.5.0-0.1build1_amd64.deb…
Unpacking webp (1.5.0-0.1build1)…
Setting up liblerc4:amd64 (4.0.0+ds-5ubuntu2)…
Setting up libdeflate0:amd64 (1.23-2ubuntu1)…
Setting up libjbig0:amd64 (2.1-6.1ubuntu3)…
Setting up libopengl0:amd64 (1.7.0-3)…
Setting up libglut3.12:amd64 (3.4.0-6)…
Setting up scons (4.8.1+dfsg-1build1)…
Setting up libjpeg-turbo8:amd64 (2.1.5-4ubuntu4)…
Setting up libwebp7:amd64 (1.5.0-0.1build1)…
Setting up libgif7:amd64 (5.2.2-1ubuntu3.2)…
Setting up libwebpmux3:amd64 (1.5.0-0.1build1)…
Setting up libjpeg8:amd64 (8c-2ubuntu12)…
Setting up libwebpdemux2:amd64 (1.5.0-0.1build1)…
Setting up libtiff6:amd64 (4.7.0-3ubuntu5)…
Setting up webp (1.5.0-0.1build1)…
Processing triggers for man-db (2.13.1-1build1)…
Processing triggers for libc-bin (2.43-2ubuntu2.4)…

WARNING: apt does not have a stable CLI interface. Use with caution in scripts.

Reading package lists...
Building dependency tree...
Reading state information...
Solving dependencies...
Installing:
  libwebp-dev

Installing dependencies:
  libsharpyuv-dev  libwebpdecoder3

Summary:
  Upgrading: 0, Installing: 3, Removing: 0, Not Upgrading: 17
  Download size: 560 kB
  Space needed: 2,344 kB / 1,021 GB available

Get:1 http://archive.ubuntu.com/ubuntu resolute/main amd64 libsharpyuv-dev amd64 1.5.0-0.1build1 [19.4 kB]
Get:2 http://archive.ubuntu.com/ubuntu resolute/main amd64 libwebpdecoder3 amd64 1.5.0-0.1build1 [140 kB]
Get:3 http://archive.ubuntu.com/ubuntu resolute/main amd64 libwebp-dev amd64 1.5.0-0.1build1 [401 kB]
Fetched 560 kB in 3s (193 kB/s)
Selecting previously unselected package libsharpyuv-dev:amd64.
(Reading database… 
(Reading database… 5%
(Reading database… 10%
(Reading database… 15%
(Reading database… 20%
(Reading database… 25%
(Reading database… 30%
(Reading database… 35%
(Reading database… 40%
(Reading database… 45%
(Reading database… 50%
(Reading database… 55%
(Reading database… 60%
(Reading database… 65%
(Reading database… 70%
(Reading database… 75%
(Reading database… 80%
(Reading database… 85%
(Reading database… 90%
(Reading database… 95%
(Reading database… 100%
(Reading database… 74408 files and directories currently installed.)
Preparing to unpack …/libsharpyuv-dev_1.5.0-0.1build1_amd64.deb…
Unpacking libsharpyuv-dev:amd64 (1.5.0-0.1build1)…
Selecting previously unselected package libwebpdecoder3:amd64.
Preparing to unpack …/libwebpdecoder3_1.5.0-0.1build1_amd64.deb…
Unpacking libwebpdecoder3:amd64 (1.5.0-0.1build1)…
Selecting previously unselected package libwebp-dev:amd64.
Preparing to unpack …/libwebp-dev_1.5.0-0.1build1_amd64.deb…
Unpacking libwebp-dev:amd64 (1.5.0-0.1build1)…
Setting up libwebpdecoder3:amd64 (1.5.0-0.1build1)…
Setting up libsharpyuv-dev:amd64 (1.5.0-0.1build1)…
Setting up libwebp-dev:amd64 (1.5.0-0.1build1)…
Processing triggers for libc-bin (2.43-2ubuntu2.4)…

WARNING: apt does not have a stable CLI interface. Use with caution in scripts.

Reading package lists...
Building dependency tree...
Reading state information...
Error: Unable to locate package lzma-dev

WARNING: apt does not have a stable CLI interface. Use with caution in scripts.

Reading package lists...
Building dependency tree...
Reading state information...
Solving dependencies...
Installing:
  libunwind-dev

Installing dependencies:
  liblzma-dev

Suggested packages:
  liblzma-doc

Summary:
  Upgrading: 0, Installing: 2, Removing: 0, Not Upgrading: 17
  Download size: 2,407 kB
  Space needed: 8,417 kB / 1,021 GB available

Get:1 http://archive.ubuntu.com/ubuntu resolute/main amd64 liblzma-dev amd64 5.8.3-1 [179 kB]
Get:2 http://archive.ubuntu.com/ubuntu resolute/main amd64 libunwind-dev amd64 1.8.3-0ubuntu1 [2,228 kB]
Fetched 2,407 kB in 4s (662 kB/s)
Selecting previously unselected package liblzma-dev:amd64.
(Reading database… 
(Reading database… 5%
(Reading database… 10%
(Reading database… 15%
(Reading database… 20%
(Reading database… 25%
(Reading database… 30%
(Reading database… 35%
(Reading database… 40%
(Reading database… 45%
(Reading database… 50%
(Reading database… 55%
(Reading database… 60%
(Reading database… 65%
(Reading database… 70%
(Reading database… 75%
(Reading database… 80%
(Reading database… 85%
(Reading database… 90%
(Reading database… 95%
(Reading database… 100%
(Reading database… 74462 files and directories currently installed.)
Preparing to unpack …/liblzma-dev_5.8.3-1_amd64.deb…
Unpacking liblzma-dev:amd64 (5.8.3-1)…
Selecting previously unselected package libunwind-dev:amd64.
Preparing to unpack …/libunwind-dev_1.8.3-0ubuntu1_amd64.deb…
Unpacking libunwind-dev:amd64 (1.8.3-0ubuntu1)…
Setting up liblzma-dev:amd64 (5.8.3-1)…
Setting up libunwind-dev:amd64 (1.8.3-0ubuntu1)…
Processing triggers for man-db (2.13.1-1build1)…

WARNING: apt does not have a stable CLI interface. Use with caution in scripts.

Reading package lists...
Building dependency tree...
Reading state information...
Error: Unable to locate package libpcre2

WARNING: apt does not have a stable CLI interface. Use with caution in scripts.

Reading package lists...
Building dependency tree...
Reading state information...
Solving dependencies...
Installing:
  libpcre2-dev

Installing dependencies:
  libpcre2-16-0  libpcre2-32-0  libpcre2-posix3

Summary:
  Upgrading: 0, Installing: 4, Removing: 0, Not Upgrading: 17
  Download size: 1,298 kB
  Space needed: 4,237 kB / 1,021 GB available

Get:1 http://archive.ubuntu.com/ubuntu resolute/main amd64 libpcre2-16-0 amd64 10.46-1build1 [240 kB]
Get:2 http://archive.ubuntu.com/ubuntu resolute/main amd64 libpcre2-32-0 amd64 10.46-1build1 [227 kB]
Get:3 http://archive.ubuntu.com/ubuntu resolute/main amd64 libpcre2-posix3 amd64 10.46-1build1 [7,182 B]
Get:4 http://archive.ubuntu.com/ubuntu resolute/main amd64 libpcre2-dev amd64 10.46-1build1 [824 kB]
Fetched 1,298 kB in 3s (419 kB/s)
Selecting previously unselected package libpcre2-16-0:amd64.
(Reading database… 
(Reading database… 5%
(Reading database… 10%
(Reading database… 15%
(Reading database… 20%
(Reading database… 25%
(Reading database… 30%
(Reading database… 35%
(Reading database… 40%
(Reading database… 45%
(Reading database… 50%
(Reading database… 55%
(Reading database… 60%
(Reading database… 65%
(Reading database… 70%
(Reading database… 75%
(Reading database… 80%
(Reading database… 85%
(Reading database… 90%
(Reading database… 95%
(Reading database… 100%
(Reading database… 74550 files and directories currently installed.)
Preparing to unpack …/libpcre2-16-0_10.46-1build1_amd64.deb…
Unpacking libpcre2-16-0:amd64 (10.46-1build1)…
Selecting previously unselected package libpcre2-32-0:amd64.
Preparing to unpack …/libpcre2-32-0_10.46-1build1_amd64.deb…
Unpacking libpcre2-32-0:amd64 (10.46-1build1)…
Selecting previously unselected package libpcre2-posix3:amd64.
Preparing to unpack …/libpcre2-posix3_10.46-1build1_amd64.deb…
Unpacking libpcre2-posix3:amd64 (10.46-1build1)…
Selecting previously unselected package libpcre2-dev:amd64.
Preparing to unpack …/libpcre2-dev_10.46-1build1_amd64.deb…
Unpacking libpcre2-dev:amd64 (10.46-1build1)…
Setting up libpcre2-16-0:amd64 (10.46-1build1)…
Setting up libpcre2-32-0:amd64 (10.46-1build1)…
Setting up libpcre2-posix3:amd64 (10.46-1build1)…
Setting up libpcre2-dev:amd64 (10.46-1build1)…
Processing triggers for man-db (2.13.1-1build1)…
Processing triggers for libc-bin (2.43-2ubuntu2.4)…

WARNING: apt does not have a stable CLI interface. Use with caution in scripts.

Reading package lists...
Building dependency tree...
Reading state information...
Error: Unable to locate package libpcre3

WARNING: apt does not have a stable CLI interface. Use with caution in scripts.

Reading package lists...
Building dependency tree...
Reading state information...
Package libpcre3-dev is not available, but is referred to by another package.
This may mean that the package is missing, has been obsoleted, or
is only available from another source

Error: Package 'libpcre3-dev' has no installation candidate

WARNING: apt does not have a stable CLI interface. Use with caution in scripts.

Reading package lists...
Building dependency tree...
Reading state information...
openssl is already the newest version (3.5.5-1ubuntu3.7).
openssl set to manually installed.
Solving dependencies...
Summary:
  Upgrading: 0, Installing: 0, Removing: 0, Not Upgrading: 17

WARNING: apt does not have a stable CLI interface. Use with caution in scripts.

Reading package lists...
Building dependency tree...
Reading state information...
Solving dependencies...
Installing:
  libssl-dev

Suggested packages:
  libssl-doc

Summary:
  Upgrading: 0, Installing: 1, Removing: 0, Not Upgrading: 17
  Download size: 2,937 kB
  Space needed: 16.4 MB / 1,021 GB available

Get:1 http://archive.ubuntu.com/ubuntu resolute-updates/main amd64 libssl-dev amd64 3.5.5-1ubuntu3.7 [2,937 kB]
Fetched 2,937 kB in 3s (1,032 kB/s)
Selecting previously unselected package libssl-dev:amd64.
(Reading database… 
(Reading database… 5%
(Reading database… 10%
(Reading database… 15%
(Reading database… 20%
(Reading database… 25%
(Reading database… 30%
(Reading database… 35%
(Reading database… 40%
(Reading database… 45%
(Reading database… 50%
(Reading database… 55%
(Reading database… 60%
(Reading database… 65%
(Reading database… 70%
(Reading database… 75%
(Reading database… 80%
(Reading database… 85%
(Reading database… 90%
(Reading database… 95%
(Reading database… 100%
(Reading database… 74680 files and directories currently installed.)
Preparing to unpack …/libssl-dev_3.5.5-1ubuntu3.7_amd64.deb…
Unpacking libssl-dev:amd64 (3.5.5-1ubuntu3.7)…
Setting up libssl-dev:amd64 (3.5.5-1ubuntu3.7)…

WARNING: apt does not have a stable CLI interface. Use with caution in scripts.

Reading package lists...
Building dependency tree...
Reading state information...
Solving dependencies...
Installing:
  libargon2-dev

Installing dependencies:
  libargon2-1

Summary:
  Upgrading: 0, Installing: 2, Removing: 0, Not Upgrading: 17
  Download size: 47.1 kB
  Space needed: 154 kB / 1,021 GB available

Get:1 http://archive.ubuntu.com/ubuntu resolute/main amd64 libargon2-1 amd64 0~20190702+dfsg-5 [21.3 kB]
Get:2 http://archive.ubuntu.com/ubuntu resolute/main amd64 libargon2-dev amd64 0~20190702+dfsg-5 [25.8 kB]
Fetched 47.1 kB in 1s (32.0 kB/s)
Selecting previously unselected package libargon2-1:amd64.
(Reading database… 
(Reading database… 5%
(Reading database… 10%
(Reading database… 15%
(Reading database… 20%
(Reading database… 25%
(Reading database… 30%
(Reading database… 35%
(Reading database… 40%
(Reading database… 45%
(Reading database… 50%
(Reading database… 55%
(Reading database… 60%
(Reading database… 65%
(Reading database… 70%
(Reading database… 75%
(Reading database… 80%
(Reading database… 85%
(Reading database… 90%
(Reading database… 95%
(Reading database… 100%
(Reading database… 74837 files and directories currently installed.)
Preparing to unpack …/libargon2-1_0~20190702+dfsg-5_amd64.deb…
Unpacking libargon2-1:amd64 (0~20190702+dfsg-5)…
Selecting previously unselected package libargon2-dev:amd64.
Preparing to unpack …/libargon2-dev_0~20190702+dfsg-5_amd64.deb…
Unpacking libargon2-dev:amd64 (0~20190702+dfsg-5)…
Setting up libargon2-1:amd64 (0~20190702+dfsg-5)…
Setting up libargon2-dev:amd64 (0~20190702+dfsg-5)…
Processing triggers for libc-bin (2.43-2ubuntu2.4)…

WARNING: apt does not have a stable CLI interface. Use with caution in scripts.

Reading package lists...
Building dependency tree...
Reading state information...
Solving dependencies...
Installing:
  libnuma-dev

Summary:
  Upgrading: 0, Installing: 1, Removing: 0, Not Upgrading: 17
  Download size: 37.2 kB
  Space needed: 165 kB / 1,021 GB available

Get:1 http://archive.ubuntu.com/ubuntu resolute/main amd64 libnuma-dev amd64 2.0.19-1build1 [37.2 kB]
Fetched 37.2 kB in 1s (40.3 kB/s)
Selecting previously unselected package libnuma-dev:amd64.
(Reading database… 
(Reading database… 5%
(Reading database… 10%
(Reading database… 15%
(Reading database… 20%
(Reading database… 25%
(Reading database… 30%
(Reading database… 35%
(Reading database… 40%
(Reading database… 45%
(Reading database… 50%
(Reading database… 55%
(Reading database… 60%
(Reading database… 65%
(Reading database… 70%
(Reading database… 75%
(Reading database… 80%
(Reading database… 85%
(Reading database… 90%
(Reading database… 95%
(Reading database… 100%
(Reading database… 74848 files and directories currently installed.)
Preparing to unpack …/libnuma-dev_2.0.19-1build1_amd64.deb…
Unpacking libnuma-dev:amd64 (2.0.19-1build1)…
Setting up libnuma-dev:amd64 (2.0.19-1build1)…
Processing triggers for man-db (2.13.1-1build1)…

WARNING: apt does not have a stable CLI interface. Use with caution in scripts.

Reading package lists...
Building dependency tree...
Reading state information...
Solving dependencies...
Installing:
  libpam0g-dev

Installing dependencies:
  libpam-doc

Summary:
  Upgrading: 0, Installing: 2, Removing: 0, Not Upgrading: 17
  Download size: 691 kB
  Space needed: 1,839 kB / 1,021 GB available

Get:1 http://archive.ubuntu.com/ubuntu resolute-updates/main amd64 libpam-doc all 1.7.0-5ubuntu3.2 [634 kB]
Get:2 http://archive.ubuntu.com/ubuntu resolute-updates/main amd64 libpam0g-dev amd64 1.7.0-5ubuntu3.2 [57.6 kB]
Fetched 691 kB in 3s (240 kB/s)
Selecting previously unselected package libpam-doc.
(Reading database… 
(Reading database… 5%
(Reading database… 10%
(Reading database… 15%
(Reading database… 20%
(Reading database… 25%
(Reading database… 30%
(Reading database… 35%
(Reading database… 40%
(Reading database… 45%
(Reading database… 50%
(Reading database… 55%
(Reading database… 60%
(Reading database… 65%
(Reading database… 70%
(Reading database… 75%
(Reading database… 80%
(Reading database… 85%
(Reading database… 90%
(Reading database… 95%
(Reading database… 100%
(Reading database… 74891 files and directories currently installed.)
Preparing to unpack …/libpam-doc_1.7.0-5ubuntu3.2_all.deb…
Unpacking libpam-doc (1.7.0-5ubuntu3.2)…
Selecting previously unselected package libpam0g-dev:amd64.
Preparing to unpack …/libpam0g-dev_1.7.0-5ubuntu3.2_amd64.deb…
Unpacking libpam0g-dev:amd64 (1.7.0-5ubuntu3.2)…
Setting up libpam0g-dev:amd64 (1.7.0-5ubuntu3.2)…
Setting up libpam-doc (1.7.0-5ubuntu3.2)…
Processing triggers for man-db (2.13.1-1build1)…

WARNING: apt does not have a stable CLI interface. Use with caution in scripts.

Reading package lists...
Building dependency tree...
Reading state information...
Solving dependencies...
Installing:
  libmemcached-dev

Installing dependencies:
  libhashkit-dev  libmemcached11t64     libsasl2-dev
  libhashkit2t64  libmemcachedutil2t64

Summary:
  Upgrading: 0, Installing: 6, Removing: 0, Not Upgrading: 17
  Download size: 594 kB
  Space needed: 1,847 kB / 1,021 GB available

Get:1 http://archive.ubuntu.com/ubuntu resolute/main amd64 libhashkit2t64 amd64 1.1.4-1.1build5 [15.8 kB]
Get:2 http://archive.ubuntu.com/ubuntu resolute/main amd64 libhashkit-dev amd64 1.1.4-1.1build5 [31.5 kB]
Get:3 http://archive.ubuntu.com/ubuntu resolute/main amd64 libmemcached11t64 amd64 1.1.4-1.1build5 [82.0 kB]
Get:4 http://archive.ubuntu.com/ubuntu resolute/main amd64 libmemcachedutil2t64 amd64 1.1.4-1.1build5 [11.4 kB]
Get:5 http://archive.ubuntu.com/ubuntu resolute/main amd64 libsasl2-dev amd64 2.1.28+dfsg1-9ubuntu3 [247 kB]
Get:6 http://archive.ubuntu.com/ubuntu resolute/main amd64 libmemcached-dev amd64 1.1.4-1.1build5 [206 kB]
Fetched 594 kB in 4s (148 kB/s)
Selecting previously unselected package libhashkit2t64:amd64.
(Reading database… 
(Reading database… 5%
(Reading database… 10%
(Reading database… 15%
(Reading database… 20%
(Reading database… 25%
(Reading database… 30%
(Reading database… 35%
(Reading database… 40%
(Reading database… 45%
(Reading database… 50%
(Reading database… 55%
(Reading database… 60%
(Reading database… 65%
(Reading database… 70%
(Reading database… 75%
(Reading database… 80%
(Reading database… 85%
(Reading database… 90%
(Reading database… 95%
(Reading database… 100%
(Reading database… 75132 files and directories currently installed.)
Preparing to unpack …/0-libhashkit2t64_1.1.4-1.1build5_amd64.deb…
Unpacking libhashkit2t64:amd64 (1.1.4-1.1build5)…
Selecting previously unselected package libhashkit-dev:amd64.
Preparing to unpack …/1-libhashkit-dev_1.1.4-1.1build5_amd64.deb…
Unpacking libhashkit-dev:amd64 (1.1.4-1.1build5)…
Selecting previously unselected package libmemcached11t64:amd64.
Preparing to unpack …/2-libmemcached11t64_1.1.4-1.1build5_amd64.deb…
Unpacking libmemcached11t64:amd64 (1.1.4-1.1build5)…
Selecting previously unselected package libmemcachedutil2t64:amd64.
Preparing to unpack …/3-libmemcachedutil2t64_1.1.4-1.1build5_amd64.deb…
Unpacking libmemcachedutil2t64:amd64 (1.1.4-1.1build5)…
Selecting previously unselected package libsasl2-dev.
Preparing to unpack …/4-libsasl2-dev_2.1.28+dfsg1-9ubuntu3_amd64.deb…
Unpacking libsasl2-dev (2.1.28+dfsg1-9ubuntu3)…
Selecting previously unselected package libmemcached-dev:amd64.
Preparing to unpack …/5-libmemcached-dev_1.1.4-1.1build5_amd64.deb…
Unpacking libmemcached-dev:amd64 (1.1.4-1.1build5)…
Setting up libsasl2-dev (2.1.28+dfsg1-9ubuntu3)…
Setting up libhashkit2t64:amd64 (1.1.4-1.1build5)…
Setting up libhashkit-dev:amd64 (1.1.4-1.1build5)…
Setting up libmemcached11t64:amd64 (1.1.4-1.1build5)…
Setting up libmemcachedutil2t64:amd64 (1.1.4-1.1build5)…
Setting up libmemcached-dev:amd64 (1.1.4-1.1build5)…
Processing triggers for man-db (2.13.1-1build1)…
Processing triggers for libc-bin (2.43-2ubuntu2.4)…

WARNING: apt does not have a stable CLI interface. Use with caution in scripts.

Reading package lists...
Building dependency tree...
Reading state information...
libsasl2-dev is already the newest version (2.1.28+dfsg1-9ubuntu3).
libsasl2-dev set to manually installed.
Solving dependencies...
Summary:
  Upgrading: 0, Installing: 0, Removing: 0, Not Upgrading: 17

WARNING: apt does not have a stable CLI interface. Use with caution in scripts.

Reading package lists...
Building dependency tree...
Reading state information...
Solving dependencies...
Installing:
  imagemagick

Installing dependencies:
  fonts-droid-fallback  libice6                       libopenexr-3-1-30
  fonts-noto-mono       libidn12                      libopenjp2-7
  fonts-urw-base35      libijs-0.35                   libpaper-utils
  ghostscript           libimath-3-1-29t64            libpaper2
  imagemagick-7-common  libjbig2dec0                  libraw23t64
  imagemagick-7.q16     libjxr-tools                  libsm6
  libdjvulibre-text     libjxr0t64                    libwmflite-0.2-7
  libdjvulibre21        liblqr-1-0                    libxt6t64
  libfftw3-double3      libltdl7                      netpbm
  libfontenc1           libmagickcore-7.q16-10        poppler-data
  libgs-common          libmagickcore-7.q16-10-extra  xfonts-encodings
  libgs10               libmagickwand-7.q16-10        xfonts-utils
  libgs10-common        libnetpbm11t64

Suggested packages:
  fonts-noto            enscript    povray            poppler-utils
  fonts-freefont-otf    ffmpeg      radiance          fonts-japanese-mincho
  | fonts-freefont-ttf  gimp        sane-utils        | fonts-ipafont-mincho
  fonts-texgyre         gnuplot     texlive-base-bin  fonts-japanese-gothic
  texlive-binaries      grads       transfig          | fonts-ipafont-gothic
  imagemagick-7-doc     graphviz    libraw-bin        fonts-arphic-ukai
  autotrace             hp2xx       xdg-utils         fonts-arphic-uming
  cups-bsd              html2ps     libfftw3-bin      fonts-nanum
  | lpr                 libwmf-bin  libfftw3-dev
  | lprng               mplayer     inkscape

Summary:
  Upgrading: 0, Installing: 39, Removing: 0, Not Upgrading: 17
  Download size: 30.5 MB
  Space needed: 105 MB / 1,021 GB available

Get:1 http://archive.ubuntu.com/ubuntu resolute/main amd64 libfftw3-double3 amd64 3.3.10-2fakesync1build3 [833 kB]
Get:2 http://archive.ubuntu.com/ubuntu resolute/universe amd64 liblqr-1-0 amd64 0.4.2-2.2 [29.4 kB]
Get:3 http://archive.ubuntu.com/ubuntu resolute/main amd64 libltdl7 amd64 2.5.4-9 [43.7 kB]
Get:4 http://archive.ubuntu.com/ubuntu resolute-updates/main amd64 libopenjp2-7 amd64 2.5.4-1ubuntu0.1 [187 kB]
Get:5 http://archive.ubuntu.com/ubuntu resolute-updates/main amd64 libraw23t64 amd64 0.21.5b-1ubuntu1.1 [373 kB]
Get:6 http://archive.ubuntu.com/ubuntu resolute/universe amd64 imagemagick-7-common all 8:7.1.2.18+dfsg1-1 [73.0 kB]
Get:7 http://archive.ubuntu.com/ubuntu resolute/universe amd64 libmagickcore-7.q16-10 amd64 8:7.1.2.18+dfsg1-1 [1,977 kB]
Get:8 http://archive.ubuntu.com/ubuntu resolute/universe amd64 libmagickwand-7.q16-10 amd64 8:7.1.2.18+dfsg1-1 [343 kB]
Get:9 http://archive.ubuntu.com/ubuntu resolute/main amd64 poppler-data all 0.4.12-1build1 [2,000 kB]
Get:10 http://archive.ubuntu.com/ubuntu resolute/main amd64 fonts-droid-fallback all 1:8.1.0r7-1~1.gbp36536bbuild1 [2,011 kB]
Get:11 http://archive.ubuntu.com/ubuntu resolute/main amd64 fonts-noto-mono all 20201225-2build1 [434 kB]
Get:12 http://archive.ubuntu.com/ubuntu resolute/main amd64 libfontenc1 amd64 1:1.1.8-1build2 [14.1 kB]
Get:13 http://archive.ubuntu.com/ubuntu resolute/main amd64 xfonts-encodings all 1:1.0.5-0ubuntu3 [576 kB]
Get:14 http://archive.ubuntu.com/ubuntu resolute/main amd64 xfonts-utils amd64 1:7.7+7build1 [97.1 kB]
Get:15 http://archive.ubuntu.com/ubuntu resolute/main amd64 fonts-urw-base35 all 20200910-8build1 [10.9 MB]
Get:16 http://archive.ubuntu.com/ubuntu resolute-updates/main amd64 libgs-common all 10.06.0~dfsg-3ubuntu1.1 [170 kB]
Get:17 http://archive.ubuntu.com/ubuntu resolute-updates/main amd64 libgs10-common all 10.06.0~dfsg-3ubuntu1.1 [492 kB]
Get:18 http://archive.ubuntu.com/ubuntu resolute-updates/main amd64 libidn12 amd64 1.43-2ubuntu0.26.04.1 [57.8 kB]
Get:19 http://archive.ubuntu.com/ubuntu resolute/main amd64 libijs-0.35 amd64 0.35-16 [15.6 kB]
Get:20 http://archive.ubuntu.com/ubuntu resolute-updates/main amd64 libjbig2dec0 amd64 0.20-1ubuntu0.26.04.1 [63.6 kB]
Get:21 http://archive.ubuntu.com/ubuntu resolute/main amd64 libpaper2 amd64 2.2.5-0.3maysync1 [17.2 kB]
Get:22 http://archive.ubuntu.com/ubuntu resolute/main amd64 libice6 amd64 2:1.1.1-1build1 [44.0 kB]
Get:23 http://archive.ubuntu.com/ubuntu resolute/main amd64 libsm6 amd64 2:1.2.6-1build1 [16.9 kB]
Get:24 http://archive.ubuntu.com/ubuntu resolute/main amd64 libxt6t64 amd64 1:1.2.1-1.3build1 [173 kB]
Get:25 http://archive.ubuntu.com/ubuntu resolute-updates/main amd64 libgs10 amd64 10.06.0~dfsg-3ubuntu1.1 [4,402 kB]
Get:26 http://archive.ubuntu.com/ubuntu resolute-updates/main amd64 ghostscript amd64 10.06.0~dfsg-3ubuntu1.1 [43.2 kB]
Get:27 http://archive.ubuntu.com/ubuntu resolute/universe amd64 imagemagick-7.q16 amd64 8:7.1.2.18+dfsg1-1 [703 kB]
Get:28 http://archive.ubuntu.com/ubuntu resolute/universe amd64 imagemagick amd64 8:7.1.2.18+dfsg1-1 [14.1 kB]
Get:29 http://archive.ubuntu.com/ubuntu resolute/main amd64 libdjvulibre-text all 3.5.29-1 [50.6 kB]
Get:30 http://archive.ubuntu.com/ubuntu resolute/main amd64 libdjvulibre21 amd64 3.5.29-1 [647 kB]
Get:31 http://archive.ubuntu.com/ubuntu resolute/universe amd64 libimath-3-1-29t64 amd64 3.1.12-1ubuntu5 [75.6 kB]
Get:32 http://archive.ubuntu.com/ubuntu resolute/universe amd64 libjxr0t64 amd64 1.2~git20170615.f752187-5.3build1 [185 kB]
Get:33 http://archive.ubuntu.com/ubuntu resolute/universe amd64 libjxr-tools amd64 1.2~git20170615.f752187-5.3build1 [16.0 kB]
Get:34 http://archive.ubuntu.com/ubuntu resolute/universe amd64 libopenexr-3-1-30 amd64 3.1.13-2build1 [1,015 kB]
Get:35 http://archive.ubuntu.com/ubuntu resolute/main amd64 libwmflite-0.2-7 amd64 0.2.14-1 [67.6 kB]
Get:36 http://archive.ubuntu.com/ubuntu resolute/universe amd64 libmagickcore-7.q16-10-extra amd64 8:7.1.2.18+dfsg1-1 [70.7 kB]
Get:37 http://archive.ubuntu.com/ubuntu resolute/universe amd64 libnetpbm11t64 amd64 2:11.10.02-1build1 [114 kB]
Get:38 http://archive.ubuntu.com/ubuntu resolute/main amd64 libpaper-utils amd64 2.2.5-0.3maysync1 [15.6 kB]
Get:39 http://archive.ubuntu.com/ubuntu resolute/universe amd64 netpbm amd64 2:11.10.02-1build1 [2,096 kB]
Preconfiguring packages ...
Fetched 30.5 MB in 8s (3,635 kB/s)
Selecting previously unselected package libfftw3-double3:amd64.
(Reading database… 
(Reading database… 5%
(Reading database… 10%
(Reading database… 15%
(Reading database… 20%
(Reading database… 25%
(Reading database… 30%
(Reading database… 35%
(Reading database… 40%
(Reading database… 45%
(Reading database… 50%
(Reading database… 55%
(Reading database… 60%
(Reading database… 65%
(Reading database… 70%
(Reading database… 75%
(Reading database… 80%
(Reading database… 85%
(Reading database… 90%
(Reading database… 95%
(Reading database… 100%
(Reading database… 75456 files and directories currently installed.)
Preparing to unpack …/00-libfftw3-double3_3.3.10-2fakesync1build3_amd64.deb…
Unpacking libfftw3-double3:amd64 (3.3.10-2fakesync1build3)…
Selecting previously unselected package liblqr-1-0:amd64.
Preparing to unpack …/01-liblqr-1-0_0.4.2-2.2_amd64.deb…
Unpacking liblqr-1-0:amd64 (0.4.2-2.2)…
Selecting previously unselected package libltdl7:amd64.
Preparing to unpack …/02-libltdl7_2.5.4-9_amd64.deb…
Unpacking libltdl7:amd64 (2.5.4-9)…
Selecting previously unselected package libopenjp2-7:amd64.
Preparing to unpack …/03-libopenjp2-7_2.5.4-1ubuntu0.1_amd64.deb…
Unpacking libopenjp2-7:amd64 (2.5.4-1ubuntu0.1)…
Selecting previously unselected package libraw23t64:amd64.
Preparing to unpack …/04-libraw23t64_0.21.5b-1ubuntu1.1_amd64.deb…
Unpacking libraw23t64:amd64 (0.21.5b-1ubuntu1.1)…
Selecting previously unselected package imagemagick-7-common.
Preparing to unpack …/05-imagemagick-7-common_8%3a7.1.2.18+dfsg1-1_all.deb…
Unpacking imagemagick-7-common (8:7.1.2.18+dfsg1-1)…
Selecting previously unselected package libmagickcore-7.q16-10:amd64.
Preparing to unpack …/06-libmagickcore-7.q16-10_8%3a7.1.2.18+dfsg1-1_amd64.deb…
Unpacking libmagickcore-7.q16-10:amd64 (8:7.1.2.18+dfsg1-1)…
Selecting previously unselected package libmagickwand-7.q16-10:amd64.
Preparing to unpack …/07-libmagickwand-7.q16-10_8%3a7.1.2.18+dfsg1-1_amd64.deb…
Unpacking libmagickwand-7.q16-10:amd64 (8:7.1.2.18+dfsg1-1)…
Selecting previously unselected package poppler-data.
Preparing to unpack …/08-poppler-data_0.4.12-1build1_all.deb…
Unpacking poppler-data (0.4.12-1build1)…
Selecting previously unselected package fonts-droid-fallback.
Preparing to unpack …/09-fonts-droid-fallback_1%3a8.1.0r7-1~1.gbp36536bbuild1_all.deb…
Unpacking fonts-droid-fallback (1:8.1.0r7-1~1.gbp36536bbuild1)…
Selecting previously unselected package fonts-noto-mono.
Preparing to unpack …/10-fonts-noto-mono_20201225-2build1_all.deb…
Unpacking fonts-noto-mono (20201225-2build1)…
Selecting previously unselected package libfontenc1:amd64.
Preparing to unpack …/11-libfontenc1_1%3a1.1.8-1build2_amd64.deb…
Unpacking libfontenc1:amd64 (1:1.1.8-1build2)…
Selecting previously unselected package xfonts-encodings.
Preparing to unpack …/12-xfonts-encodings_1%3a1.0.5-0ubuntu3_all.deb…
Unpacking xfonts-encodings (1:1.0.5-0ubuntu3)…
Selecting previously unselected package xfonts-utils.
Preparing to unpack …/13-xfonts-utils_1%3a7.7+7build1_amd64.deb…
Unpacking xfonts-utils (1:7.7+7build1)…
Selecting previously unselected package fonts-urw-base35.
Preparing to unpack …/14-fonts-urw-base35_20200910-8build1_all.deb…
Unpacking fonts-urw-base35 (20200910-8build1)…
Selecting previously unselected package libgs-common.
Preparing to unpack …/15-libgs-common_10.06.0~dfsg-3ubuntu1.1_all.deb…
Unpacking libgs-common (10.06.0~dfsg-3ubuntu1.1)…
Selecting previously unselected package libgs10-common.
Preparing to unpack …/16-libgs10-common_10.06.0~dfsg-3ubuntu1.1_all.deb…
Unpacking libgs10-common (10.06.0~dfsg-3ubuntu1.1)…
Selecting previously unselected package libidn12:amd64.
Preparing to unpack …/17-libidn12_1.43-2ubuntu0.26.04.1_amd64.deb…
Unpacking libidn12:amd64 (1.43-2ubuntu0.26.04.1)…
Selecting previously unselected package libijs-0.35:amd64.
Preparing to unpack …/18-libijs-0.35_0.35-16_amd64.deb…
Unpacking libijs-0.35:amd64 (0.35-16)…
Selecting previously unselected package libjbig2dec0:amd64.
Preparing to unpack …/19-libjbig2dec0_0.20-1ubuntu0.26.04.1_amd64.deb…
Unpacking libjbig2dec0:amd64 (0.20-1ubuntu0.26.04.1)…
Selecting previously unselected package libpaper2:amd64.
Preparing to unpack …/20-libpaper2_2.2.5-0.3maysync1_amd64.deb…
Unpacking libpaper2:amd64 (2.2.5-0.3maysync1)…
Selecting previously unselected package libice6:amd64.
Preparing to unpack …/21-libice6_2%3a1.1.1-1build1_amd64.deb…
Unpacking libice6:amd64 (2:1.1.1-1build1)…
Selecting previously unselected package libsm6:amd64.
Preparing to unpack …/22-libsm6_2%3a1.2.6-1build1_amd64.deb…
Unpacking libsm6:amd64 (2:1.2.6-1build1)…
Selecting previously unselected package libxt6t64:amd64.
Preparing to unpack …/23-libxt6t64_1%3a1.2.1-1.3build1_amd64.deb…
Unpacking libxt6t64:amd64 (1:1.2.1-1.3build1)…
Selecting previously unselected package libgs10:amd64.
Preparing to unpack …/24-libgs10_10.06.0~dfsg-3ubuntu1.1_amd64.deb…
Unpacking libgs10:amd64 (10.06.0~dfsg-3ubuntu1.1)…
Selecting previously unselected package ghostscript.
Preparing to unpack …/25-ghostscript_10.06.0~dfsg-3ubuntu1.1_amd64.deb…
Unpacking ghostscript (10.06.0~dfsg-3ubuntu1.1)…
Selecting previously unselected package imagemagick-7.q16.
Preparing to unpack …/26-imagemagick-7.q16_8%3a7.1.2.18+dfsg1-1_amd64.deb…
Unpacking imagemagick-7.q16 (8:7.1.2.18+dfsg1-1)…
Selecting previously unselected package imagemagick.
Preparing to unpack …/27-imagemagick_8%3a7.1.2.18+dfsg1-1_amd64.deb…
Unpacking imagemagick (8:7.1.2.18+dfsg1-1)…
Selecting previously unselected package libdjvulibre-text.
Preparing to unpack …/28-libdjvulibre-text_3.5.29-1_all.deb…
Unpacking libdjvulibre-text (3.5.29-1)…
Selecting previously unselected package libdjvulibre21:amd64.
Preparing to unpack …/29-libdjvulibre21_3.5.29-1_amd64.deb…
Unpacking libdjvulibre21:amd64 (3.5.29-1)…
Selecting previously unselected package libimath-3-1-29t64:amd64.
Preparing to unpack …/30-libimath-3-1-29t64_3.1.12-1ubuntu5_amd64.deb…
Unpacking libimath-3-1-29t64:amd64 (3.1.12-1ubuntu5)…
Selecting previously unselected package libjxr0t64:amd64.
Preparing to unpack …/31-libjxr0t64_1.2~git20170615.f752187-5.3build1_amd64.deb…
Unpacking libjxr0t64:amd64 (1.2~git20170615.f752187-5.3build1)…
Selecting previously unselected package libjxr-tools.
Preparing to unpack …/32-libjxr-tools_1.2~git20170615.f752187-5.3build1_amd64.deb…
Unpacking libjxr-tools (1.2~git20170615.f752187-5.3build1)…
Selecting previously unselected package libopenexr-3-1-30:amd64.
Preparing to unpack …/33-libopenexr-3-1-30_3.1.13-2build1_amd64.deb…
Unpacking libopenexr-3-1-30:amd64 (3.1.13-2build1)…
Selecting previously unselected package libwmflite-0.2-7:amd64.
Preparing to unpack …/34-libwmflite-0.2-7_0.2.14-1_amd64.deb…
Unpacking libwmflite-0.2-7:amd64 (0.2.14-1)…
Selecting previously unselected package libmagickcore-7.q16-10-extra:amd64.
Preparing to unpack …/35-libmagickcore-7.q16-10-extra_8%3a7.1.2.18+dfsg1-1_amd64.deb…
Unpacking libmagickcore-7.q16-10-extra:amd64 (8:7.1.2.18+dfsg1-1)…
Selecting previously unselected package libnetpbm11t64:amd64.
Preparing to unpack …/36-libnetpbm11t64_2%3a11.10.02-1build1_amd64.deb…
Unpacking libnetpbm11t64:amd64 (2:11.10.02-1build1)…
Selecting previously unselected package libpaper-utils.
Preparing to unpack …/37-libpaper-utils_2.2.5-0.3maysync1_amd64.deb…
Unpacking libpaper-utils (2.2.5-0.3maysync1)…
Selecting previously unselected package netpbm.
Preparing to unpack …/38-netpbm_2%3a11.10.02-1build1_amd64.deb…
Unpacking netpbm (2:11.10.02-1build1)…
Setting up libice6:amd64 (2:1.1.1-1build1)…
Setting up fonts-noto-mono (20201225-2build1)…
Setting up libwmflite-0.2-7:amd64 (0.2.14-1)…
Setting up imagemagick-7-common (8:7.1.2.18+dfsg1-1)…
Setting up libijs-0.35:amd64 (0.35-16)…
Setting up libgs-common (10.06.0~dfsg-3ubuntu1.1)…
Setting up libnetpbm11t64:amd64 (2:11.10.02-1build1)…
Setting up poppler-data (0.4.12-1build1)…
Setting up libfontenc1:amd64 (1:1.1.8-1build2)…
Setting up libjxr0t64:amd64 (1.2~git20170615.f752187-5.3build1)…
Setting up libjbig2dec0:amd64 (0.20-1ubuntu0.26.04.1)…
Setting up xfonts-encodings (1:1.0.5-0ubuntu3)…
Setting up libimath-3-1-29t64:amd64 (3.1.12-1ubuntu5)…
Setting up libidn12:amd64 (1.43-2ubuntu0.26.04.1)…
Setting up netpbm (2:11.10.02-1build1)…
Setting up libltdl7:amd64 (2.5.4-9)…
Setting up libfftw3-double3:amd64 (3.3.10-2fakesync1build3)…
Setting up libraw23t64:amd64 (0.21.5b-1ubuntu1.1)…
Setting up liblqr-1-0:amd64 (0.4.2-2.2)…
Setting up libopenjp2-7:amd64 (2.5.4-1ubuntu0.1)…
Setting up fonts-droid-fallback (1:8.1.0r7-1~1.gbp36536bbuild1)…
Setting up libpaper2:amd64 (2.2.5-0.3maysync1)…
Setting up libdjvulibre-text (3.5.29-1)…
Setting up libsm6:amd64 (2:1.2.6-1build1)…
Setting up libjxr-tools (1.2~git20170615.f752187-5.3build1)…
Setting up libdjvulibre21:amd64 (3.5.29-1)…
Setting up libpaper-utils (2.2.5-0.3maysync1)…
Setting up xfonts-utils (1:7.7+7build1)…
Setting up libopenexr-3-1-30:amd64 (3.1.13-2build1)…
Setting up libxt6t64:amd64 (1:1.2.1-1.3build1)…
Setting up libmagickcore-7.q16-10:amd64 (8:7.1.2.18+dfsg1-1)…
Setting up libmagickwand-7.q16-10:amd64 (8:7.1.2.18+dfsg1-1)…
Setting up fonts-urw-base35 (20200910-8build1)…
Setting up libgs10-common (10.06.0~dfsg-3ubuntu1.1)…
Setting up libmagickcore-7.q16-10-extra:amd64 (8:7.1.2.18+dfsg1-1)…
Setting up imagemagick-7.q16 (8:7.1.2.18+dfsg1-1)…
update-alternatives: using /usr/bin/compare-im7.q16 to provide /usr/bin/compare (compare) in auto mode
update-alternatives: using /usr/bin/compare-im7.q16 to provide /usr/bin/compare-im7 (compare-im7) in auto mode
update-alternatives: using /usr/bin/animate-im7.q16 to provide /usr/bin/animate (animate) in auto mode
update-alternatives: using /usr/bin/animate-im7.q16 to provide /usr/bin/animate-im7 (animate-im7) in auto mode
update-alternatives: using /usr/bin/convert-im7.q16 to provide /usr/bin/convert (convert) in auto mode
update-alternatives: using /usr/bin/convert-im7.q16 to provide /usr/bin/convert-im7 (convert-im7) in auto mode
update-alternatives: using /usr/bin/composite-im7.q16 to provide /usr/bin/composite (composite) in auto mode
update-alternatives: using /usr/bin/composite-im7.q16 to provide /usr/bin/composite-im7 (composite-im7) in auto mode
update-alternatives: using /usr/bin/conjure-im7.q16 to provide /usr/bin/conjure (conjure) in auto mode
update-alternatives: using /usr/bin/conjure-im7.q16 to provide /usr/bin/conjure-im7 (conjure-im7) in auto mode
update-alternatives: using /usr/bin/import-im7.q16 to provide /usr/bin/import (import) in auto mode
update-alternatives: using /usr/bin/import-im7.q16 to provide /usr/bin/import-im7 (import-im7) in auto mode
update-alternatives: using /usr/bin/identify-im7.q16 to provide /usr/bin/identify (identify) in auto mode
update-alternatives: using /usr/bin/identify-im7.q16 to provide /usr/bin/identify-im7 (identify-im7) in auto mode
update-alternatives: using /usr/bin/stream-im7.q16 to provide /usr/bin/stream (stream) in auto mode
update-alternatives: using /usr/bin/stream-im7.q16 to provide /usr/bin/stream-im7 (stream-im7) in auto mode
update-alternatives: using /usr/bin/display-im7.q16 to provide /usr/bin/display (display) in auto mode
update-alternatives: using /usr/bin/display-im7.q16 to provide /usr/bin/display-im7 (display-im7) in auto mode
update-alternatives: using /usr/bin/montage-im7.q16 to provide /usr/bin/montage (montage) in auto mode
update-alternatives: using /usr/bin/montage-im7.q16 to provide /usr/bin/montage-im7 (montage-im7) in auto mode
update-alternatives: using /usr/bin/mogrify-im7.q16 to provide /usr/bin/mogrify (mogrify) in auto mode
update-alternatives: using /usr/bin/mogrify-im7.q16 to provide /usr/bin/mogrify-im7 (mogrify-im7) in auto mode
update-alternatives: using /usr/bin/magick-im7.q16 to provide /usr/bin/magick (magick) in auto mode
update-alternatives: warning: skip creation of /usr/share/man/man1/magick.1.gz because associated file /usr/share/man/man1/magick-im7.q16.1.gz (of link group magick) does not exist
update-alternatives: using /usr/bin/magick-im7.q16 to provide /usr/bin/magick-im7 (magick-im7) in auto mode
update-alternatives: warning: skip creation of /usr/share/man/man1/magick-im7.1.gz because associated file /usr/share/man/man1/magick-im7.q16.1.gz (of link group magick-im7) does not exist
update-alternatives: using /usr/bin/magick-script-im7.q16 to provide /usr/bin/magick-script (magick-script) in auto mode
update-alternatives: warning: skip creation of /usr/share/man/man1/magick-script.1.gz because associated file /usr/share/man/man1/magick-script-im7.q16.1.gz (of link group magick-script) does not exist
update-alternatives: using /usr/bin/magick-script-im7.q16 to provide /usr/bin/magick-script-im7 (magick-script-im7) in auto mode
update-alternatives: warning: skip creation of /usr/share/man/man1/magick-script-im7.1.gz because associated file /usr/share/man/man1/magick-script-im7.q16.1.gz (of link group magick-script-im7) does not exist
Setting up imagemagick (8:7.1.2.18+dfsg1-1)…
Setting up libgs10:amd64 (10.06.0~dfsg-3ubuntu1.1)…
Setting up ghostscript (10.06.0~dfsg-3ubuntu1.1)…
Processing triggers for fontconfig (2.17.1-3ubuntu1)…
Processing triggers for hicolor-icon-theme (0.18-2build1)…
Processing triggers for libc-bin (2.43-2ubuntu2.4)…
Processing triggers for man-db (2.13.1-1build1)…

WARNING: apt does not have a stable CLI interface. Use with caution in scripts.

Reading package lists...
Building dependency tree...
Reading state information...
Solving dependencies...
Upgrading:
  libpng16-16t64

Installing:
  libmagickcore-dev

Installing dependencies:
  bzip2-doc         libjpeg-dev                  libtiffxx6
  libbrotli-dev     libjpeg-turbo8-dev           libtool
  libbz2-dev        libjpeg8-dev                 libwmf-0.2-7
  libdeflate-dev    liblcms2-dev                 libwmf-dev
  libdjvulibre-dev  liblerc-dev                  libx11-dev
  libexif-dev       liblqr-1-0-dev               libxau-dev
  libexif-doc       libltdl-dev                  libxcb1-dev
  libexif12         libmagickcore-7-arch-config  libxdmcp-dev
  libfftw3-bin      libmagickcore-7-headers      libxext-dev
  libfftw3-dev      libmagickcore-7.q16-dev      libxml2-dev
  libfftw3-long3    libopenexr-dev               libxt-dev
  libfftw3-quad3    libopenjp2-7-dev             pkgconf
  libfftw3-single3  libpkgconf7                  pkgconf-bin
  libfreetype-dev   libpng-dev                   uuid-dev
  libice-dev        libpng-tools                 x11proto-dev
  libimath-dev      libsm-dev                    xorg-sgml-doctools
  libjbig-dev       libtiff-dev                  xtrans-dev

Suggested packages:
  libfftw3-doc   libtool-doc  | fortran95-compiler  libx11-doc   libxt-doc
  freetype2-doc  libsm-doc    libwmf-0.2-7-gtk      libxcb-doc
  libice-doc     gfortran     libwmf-doc            libxext-doc

Summary:
  Upgrading: 1, Installing: 52, Removing: 0, Not Upgrading: 16
  Download size: 17.7 MB
  Space needed: 66.7 MB / 1,021 GB available

Get:1 http://security.ubuntu.com/ubuntu resolute-security/main amd64 libpng16-16t64 amd64 1.6.57-1ubuntu0.1 [195 kB]
Get:2 http://archive.ubuntu.com/ubuntu resolute/universe amd64 libmagickcore-7-headers all 8:7.1.2.18+dfsg1-1 [51.5 kB]
Get:3 http://archive.ubuntu.com/ubuntu resolute/universe amd64 libmagickcore-7-arch-config amd64 8:7.1.2.18+dfsg1-1 [32.2 kB]
Get:4 http://security.ubuntu.com/ubuntu resolute-security/main amd64 libpng-dev amd64 1.6.57-1ubuntu0.1 [274 kB]
Get:5 http://archive.ubuntu.com/ubuntu resolute-updates/main amd64 libbz2-dev amd64 1.0.8-6ubuntu0.1 [36.2 kB]
Get:6 http://archive.ubuntu.com/ubuntu resolute/main amd64 libjpeg-turbo8-dev amd64 2.1.5-4ubuntu4 [300 kB]
Get:7 http://security.ubuntu.com/ubuntu resolute-security/main amd64 libpng-tools amd64 1.6.57-1ubuntu0.1 [28.7 kB]
Get:8 http://archive.ubuntu.com/ubuntu resolute/main amd64 libjpeg8-dev amd64 8c-2ubuntu12 [1,480 B]
Get:9 http://archive.ubuntu.com/ubuntu resolute/main amd64 libjpeg-dev amd64 8c-2ubuntu12 [1,480 B]
Get:10 http://archive.ubuntu.com/ubuntu resolute/main amd64 libdjvulibre-dev amd64 3.5.29-1 [2,493 kB]
Get:11 http://archive.ubuntu.com/ubuntu resolute-updates/main amd64 libexif12 amd64 0.6.25-2ubuntu0.1 [83.9 kB]
Get:12 http://archive.ubuntu.com/ubuntu resolute-updates/main amd64 libexif-dev amd64 0.6.25-2ubuntu0.1 [108 kB]
Get:13 http://archive.ubuntu.com/ubuntu resolute/main amd64 libbrotli-dev amd64 1.2.0-3build1 [364 kB]
Get:14 http://archive.ubuntu.com/ubuntu resolute-updates/main amd64 libfreetype-dev amd64 2.14.2+dfsg-1ubuntu0.2 [586 kB]
Get:15 http://archive.ubuntu.com/ubuntu resolute-updates/main amd64 libopenjp2-7-dev amd64 2.5.4-1ubuntu0.1 [229 kB]
Get:16 http://archive.ubuntu.com/ubuntu resolute-updates/main amd64 liblcms2-dev amd64 2.17-1ubuntu0.2 [2,227 kB]
Get:17 http://archive.ubuntu.com/ubuntu resolute/universe amd64 liblqr-1-0-dev amd64 0.4.2-2.2 [68.7 kB]
Get:18 http://archive.ubuntu.com/ubuntu resolute/main amd64 libltdl-dev amd64 2.5.4-9 [173 kB]
Get:19 http://archive.ubuntu.com/ubuntu resolute/universe amd64 libimath-dev amd64 3.1.12-1ubuntu5 [115 kB]
Get:20 http://archive.ubuntu.com/ubuntu resolute/universe amd64 libopenexr-dev amd64 3.1.13-2build1 [106 kB]
Get:21 http://archive.ubuntu.com/ubuntu resolute/main amd64 libjbig-dev amd64 2.1-6.1ubuntu3 [28.0 kB]
Get:22 http://archive.ubuntu.com/ubuntu resolute-updates/main amd64 libtiffxx6 amd64 4.7.0-3ubuntu5 [5,760 B]
Get:23 http://archive.ubuntu.com/ubuntu resolute/main amd64 libdeflate-dev amd64 1.23-2ubuntu1 [58.8 kB]
Get:24 http://archive.ubuntu.com/ubuntu resolute/main amd64 liblerc-dev amd64 4.0.0+ds-5ubuntu2 [216 kB]
Get:25 http://archive.ubuntu.com/ubuntu resolute-updates/main amd64 libtiff-dev amd64 4.7.0-3ubuntu5 [357 kB]
Get:26 http://archive.ubuntu.com/ubuntu resolute/main amd64 libwmf-0.2-7 amd64 0.2.14-1 [92.8 kB]
Get:27 http://archive.ubuntu.com/ubuntu resolute/main amd64 xorg-sgml-doctools all 1:1.11-1.1build1 [10.3 kB]
Get:28 http://archive.ubuntu.com/ubuntu resolute/main amd64 x11proto-dev all 2025.1-1 [608 kB]
Get:29 http://archive.ubuntu.com/ubuntu resolute/main amd64 libxau-dev amd64 1:1.0.11-1build2 [9,712 B]
Get:30 http://archive.ubuntu.com/ubuntu resolute/main amd64 libxdmcp-dev amd64 1:1.1.5-2 [25.7 kB]
Get:31 http://archive.ubuntu.com/ubuntu resolute/main amd64 xtrans-dev all 1.6.0-1build1 [66.2 kB]
Get:32 http://archive.ubuntu.com/ubuntu resolute/main amd64 libxcb1-dev amd64 1.17.0-2ubuntu1 [86.3 kB]
Get:33 http://archive.ubuntu.com/ubuntu resolute/main amd64 libx11-dev amd64 2:1.8.13-1 [739 kB]
Get:34 http://archive.ubuntu.com/ubuntu resolute/main amd64 libwmf-dev amd64 0.2.14-1 [236 kB]
Get:35 http://archive.ubuntu.com/ubuntu resolute/main amd64 libxext-dev amd64 2:1.3.4-1build3 [83.8 kB]
Get:36 http://archive.ubuntu.com/ubuntu resolute-updates/main amd64 libxml2-dev amd64 2.15.2+dfsg-0.1ubuntu0.2 [711 kB]
Get:37 http://archive.ubuntu.com/ubuntu resolute/main amd64 libice-dev amd64 2:1.1.1-1build1 [53.5 kB]
Get:38 http://archive.ubuntu.com/ubuntu resolute-updates/main amd64 uuid-dev amd64 2.41.3-3ubuntu2.2 [49.1 kB]
Get:39 http://archive.ubuntu.com/ubuntu resolute/main amd64 libsm-dev amd64 2:1.2.6-1build1 [18.8 kB]
Get:40 http://archive.ubuntu.com/ubuntu resolute/main amd64 libxt-dev amd64 1:1.2.1-1.3build1 [396 kB]
Get:41 http://archive.ubuntu.com/ubuntu resolute/main amd64 libfftw3-long3 amd64 3.3.10-2fakesync1build3 [376 kB]
Get:42 http://archive.ubuntu.com/ubuntu resolute/main amd64 libfftw3-quad3 amd64 3.3.10-2fakesync1build3 [654 kB]
Get:43 http://archive.ubuntu.com/ubuntu resolute/main amd64 libfftw3-single3 amd64 3.3.10-2fakesync1build3 [865 kB]
Get:44 http://archive.ubuntu.com/ubuntu resolute/main amd64 libfftw3-bin amd64 3.3.10-2fakesync1build3 [38.2 kB]
Get:45 http://archive.ubuntu.com/ubuntu resolute/main amd64 libfftw3-dev amd64 3.3.10-2fakesync1build3 [2,322 kB]
Get:46 http://archive.ubuntu.com/ubuntu resolute/main amd64 libpkgconf7 amd64 2.5.1-4 [38.8 kB]
Get:47 http://archive.ubuntu.com/ubuntu resolute/main amd64 pkgconf-bin amd64 2.5.1-4 [22.7 kB]
Get:48 http://archive.ubuntu.com/ubuntu resolute/main amd64 pkgconf amd64 2.5.1-4 [20.0 kB]
Get:49 http://archive.ubuntu.com/ubuntu resolute/universe amd64 libmagickcore-7.q16-dev amd64 8:7.1.2.18+dfsg1-1 [1,199 kB]
Get:50 http://archive.ubuntu.com/ubuntu resolute/universe amd64 libmagickcore-dev all 8:7.1.2.18+dfsg1-1 [996 B]
Get:51 http://archive.ubuntu.com/ubuntu resolute-updates/main amd64 bzip2-doc all 1.0.8-6ubuntu0.1 [498 kB]
Get:52 http://archive.ubuntu.com/ubuntu resolute-updates/main amd64 libexif-doc all 0.6.25-2ubuntu0.1 [165 kB]
Get:53 http://archive.ubuntu.com/ubuntu resolute/main amd64 libtool all 2.5.4-9 [169 kB]
Fetched 17.7 MB in 7s (2,469 kB/s)
Selecting previously unselected package libmagickcore-7-headers.
(Reading database… 
(Reading database… 5%
(Reading database… 10%
(Reading database… 15%
(Reading database… 20%
(Reading database… 25%
(Reading database… 30%
(Reading database… 35%
(Reading database… 40%
(Reading database… 45%
(Reading database… 50%
(Reading database… 55%
(Reading database… 60%
(Reading database… 65%
(Reading database… 70%
(Reading database… 75%
(Reading database… 80%
(Reading database… 85%
(Reading database… 90%
(Reading database… 95%
(Reading database… 100%
(Reading database… 78001 files and directories currently installed.)
Preparing to unpack …/00-libmagickcore-7-headers_8%3a7.1.2.18+dfsg1-1_all.deb…
Unpacking libmagickcore-7-headers (8:7.1.2.18+dfsg1-1)…
Selecting previously unselected package libmagickcore-7-arch-config:amd64.
Preparing to unpack …/01-libmagickcore-7-arch-config_8%3a7.1.2.18+dfsg1-1_amd64.deb…
Unpacking libmagickcore-7-arch-config:amd64 (8:7.1.2.18+dfsg1-1)…
Selecting previously unselected package libbz2-dev:amd64.
Preparing to unpack …/02-libbz2-dev_1.0.8-6ubuntu0.1_amd64.deb…
Unpacking libbz2-dev:amd64 (1.0.8-6ubuntu0.1)…
Selecting previously unselected package libjpeg-turbo8-dev:amd64.
Preparing to unpack …/03-libjpeg-turbo8-dev_2.1.5-4ubuntu4_amd64.deb…
Unpacking libjpeg-turbo8-dev:amd64 (2.1.5-4ubuntu4)…
Selecting previously unselected package libjpeg8-dev:amd64.
Preparing to unpack …/04-libjpeg8-dev_8c-2ubuntu12_amd64.deb…
Unpacking libjpeg8-dev:amd64 (8c-2ubuntu12)…
Selecting previously unselected package libjpeg-dev:amd64.
Preparing to unpack …/05-libjpeg-dev_8c-2ubuntu12_amd64.deb…
Unpacking libjpeg-dev:amd64 (8c-2ubuntu12)…
Selecting previously unselected package libdjvulibre-dev:amd64.
Preparing to unpack …/06-libdjvulibre-dev_3.5.29-1_amd64.deb…
Unpacking libdjvulibre-dev:amd64 (3.5.29-1)…
Selecting previously unselected package libexif12:amd64.
Preparing to unpack …/07-libexif12_0.6.25-2ubuntu0.1_amd64.deb…
Unpacking libexif12:amd64 (0.6.25-2ubuntu0.1)…
Selecting previously unselected package libexif-dev:amd64.
Preparing to unpack …/08-libexif-dev_0.6.25-2ubuntu0.1_amd64.deb…
Unpacking libexif-dev:amd64 (0.6.25-2ubuntu0.1)…
Selecting previously unselected package libbrotli-dev:amd64.
Preparing to unpack …/09-libbrotli-dev_1.2.0-3build1_amd64.deb…
Unpacking libbrotli-dev:amd64 (1.2.0-3build1)…
Preparing to unpack …/10-libpng16-16t64_1.6.57-1ubuntu0.1_amd64.deb…
Unpacking libpng16-16t64:amd64 (1.6.57-1ubuntu0.1) over (1.6.57-1)…
Selecting previously unselected package libpng-dev:amd64.
Preparing to unpack …/11-libpng-dev_1.6.57-1ubuntu0.1_amd64.deb…
Unpacking libpng-dev:amd64 (1.6.57-1ubuntu0.1)…
Selecting previously unselected package libfreetype-dev:amd64.
Preparing to unpack …/12-libfreetype-dev_2.14.2+dfsg-1ubuntu0.2_amd64.deb…
Unpacking libfreetype-dev:amd64 (2.14.2+dfsg-1ubuntu0.2)…
Selecting previously unselected package libopenjp2-7-dev:amd64.
Preparing to unpack …/13-libopenjp2-7-dev_2.5.4-1ubuntu0.1_amd64.deb…
Unpacking libopenjp2-7-dev:amd64 (2.5.4-1ubuntu0.1)…
Selecting previously unselected package liblcms2-dev:amd64.
Preparing to unpack …/14-liblcms2-dev_2.17-1ubuntu0.2_amd64.deb…
Unpacking liblcms2-dev:amd64 (2.17-1ubuntu0.2)…
Selecting previously unselected package liblqr-1-0-dev:amd64.
Preparing to unpack …/15-liblqr-1-0-dev_0.4.2-2.2_amd64.deb…
Unpacking liblqr-1-0-dev:amd64 (0.4.2-2.2)…
Selecting previously unselected package libltdl-dev:amd64.
Preparing to unpack …/16-libltdl-dev_2.5.4-9_amd64.deb…
Unpacking libltdl-dev:amd64 (2.5.4-9)…
Selecting previously unselected package libimath-dev:amd64.
Preparing to unpack …/17-libimath-dev_3.1.12-1ubuntu5_amd64.deb…
Unpacking libimath-dev:amd64 (3.1.12-1ubuntu5)…
Selecting previously unselected package libopenexr-dev.
Preparing to unpack …/18-libopenexr-dev_3.1.13-2build1_amd64.deb…
Unpacking libopenexr-dev (3.1.13-2build1)…
Selecting previously unselected package libjbig-dev:amd64.
Preparing to unpack …/19-libjbig-dev_2.1-6.1ubuntu3_amd64.deb…
Unpacking libjbig-dev:amd64 (2.1-6.1ubuntu3)…
Selecting previously unselected package libtiffxx6:amd64.
Preparing to unpack …/20-libtiffxx6_4.7.0-3ubuntu5_amd64.deb…
Unpacking libtiffxx6:amd64 (4.7.0-3ubuntu5)…
Selecting previously unselected package libdeflate-dev:amd64.
Preparing to unpack …/21-libdeflate-dev_1.23-2ubuntu1_amd64.deb…
Unpacking libdeflate-dev:amd64 (1.23-2ubuntu1)…
Selecting previously unselected package liblerc-dev:amd64.
Preparing to unpack …/22-liblerc-dev_4.0.0+ds-5ubuntu2_amd64.deb…
Unpacking liblerc-dev:amd64 (4.0.0+ds-5ubuntu2)…
Selecting previously unselected package libtiff-dev:amd64.
Preparing to unpack …/23-libtiff-dev_4.7.0-3ubuntu5_amd64.deb…
Unpacking libtiff-dev:amd64 (4.7.0-3ubuntu5)…
Selecting previously unselected package libwmf-0.2-7:amd64.
Preparing to unpack …/24-libwmf-0.2-7_0.2.14-1_amd64.deb…
Unpacking libwmf-0.2-7:amd64 (0.2.14-1)…
Selecting previously unselected package xorg-sgml-doctools.
Preparing to unpack …/25-xorg-sgml-doctools_1%3a1.11-1.1build1_all.deb…
Unpacking xorg-sgml-doctools (1:1.11-1.1build1)…
Selecting previously unselected package x11proto-dev.
Preparing to unpack …/26-x11proto-dev_2025.1-1_all.deb…
Unpacking x11proto-dev (2025.1-1)…
Selecting previously unselected package libxau-dev:amd64.
Preparing to unpack …/27-libxau-dev_1%3a1.0.11-1build2_amd64.deb…
Unpacking libxau-dev:amd64 (1:1.0.11-1build2)…
Selecting previously unselected package libxdmcp-dev:amd64.
Preparing to unpack …/28-libxdmcp-dev_1%3a1.1.5-2_amd64.deb…
Unpacking libxdmcp-dev:amd64 (1:1.1.5-2)…
Selecting previously unselected package xtrans-dev.
Preparing to unpack …/29-xtrans-dev_1.6.0-1build1_all.deb…
Unpacking xtrans-dev (1.6.0-1build1)…
Selecting previously unselected package libxcb1-dev:amd64.
Preparing to unpack …/30-libxcb1-dev_1.17.0-2ubuntu1_amd64.deb…
Unpacking libxcb1-dev:amd64 (1.17.0-2ubuntu1)…
Selecting previously unselected package libx11-dev:amd64.
Preparing to unpack …/31-libx11-dev_2%3a1.8.13-1_amd64.deb…
Unpacking libx11-dev:amd64 (2:1.8.13-1)…
Selecting previously unselected package libwmf-dev.
Preparing to unpack …/32-libwmf-dev_0.2.14-1_amd64.deb…
Unpacking libwmf-dev (0.2.14-1)…
Selecting previously unselected package libxext-dev:amd64.
Preparing to unpack …/33-libxext-dev_2%3a1.3.4-1build3_amd64.deb…
Unpacking libxext-dev:amd64 (2:1.3.4-1build3)…
Selecting previously unselected package libxml2-dev:amd64.
Preparing to unpack …/34-libxml2-dev_2.15.2+dfsg-0.1ubuntu0.2_amd64.deb…
Unpacking libxml2-dev:amd64 (2.15.2+dfsg-0.1ubuntu0.2)…
Selecting previously unselected package libice-dev:amd64.
Preparing to unpack …/35-libice-dev_2%3a1.1.1-1build1_amd64.deb…
Unpacking libice-dev:amd64 (2:1.1.1-1build1)…
Selecting previously unselected package uuid-dev:amd64.
Preparing to unpack …/36-uuid-dev_2.41.3-3ubuntu2.2_amd64.deb…
Unpacking uuid-dev:amd64 (2.41.3-3ubuntu2.2)…
Selecting previously unselected package libsm-dev:amd64.
Preparing to unpack …/37-libsm-dev_2%3a1.2.6-1build1_amd64.deb…
Unpacking libsm-dev:amd64 (2:1.2.6-1build1)…
Selecting previously unselected package libxt-dev:amd64.
Preparing to unpack …/38-libxt-dev_1%3a1.2.1-1.3build1_amd64.deb…
Unpacking libxt-dev:amd64 (1:1.2.1-1.3build1)…
Selecting previously unselected package libfftw3-long3:amd64.
Preparing to unpack …/39-libfftw3-long3_3.3.10-2fakesync1build3_amd64.deb…
Unpacking libfftw3-long3:amd64 (3.3.10-2fakesync1build3)…
Selecting previously unselected package libfftw3-quad3:amd64.
Preparing to unpack …/40-libfftw3-quad3_3.3.10-2fakesync1build3_amd64.deb…
Unpacking libfftw3-quad3:amd64 (3.3.10-2fakesync1build3)…
Selecting previously unselected package libfftw3-single3:amd64.
Preparing to unpack …/41-libfftw3-single3_3.3.10-2fakesync1build3_amd64.deb…
Unpacking libfftw3-single3:amd64 (3.3.10-2fakesync1build3)…
Selecting previously unselected package libfftw3-bin.
Preparing to unpack …/42-libfftw3-bin_3.3.10-2fakesync1build3_amd64.deb…
Unpacking libfftw3-bin (3.3.10-2fakesync1build3)…
Selecting previously unselected package libfftw3-dev:amd64.
Preparing to unpack …/43-libfftw3-dev_3.3.10-2fakesync1build3_amd64.deb…
Unpacking libfftw3-dev:amd64 (3.3.10-2fakesync1build3)…
Selecting previously unselected package libpkgconf7:amd64.
Preparing to unpack …/44-libpkgconf7_2.5.1-4_amd64.deb…
Unpacking libpkgconf7:amd64 (2.5.1-4)…
Selecting previously unselected package pkgconf-bin.
Preparing to unpack …/45-pkgconf-bin_2.5.1-4_amd64.deb…
Unpacking pkgconf-bin (2.5.1-4)…
Selecting previously unselected package pkgconf:amd64.
Preparing to unpack …/46-pkgconf_2.5.1-4_amd64.deb…
Unpacking pkgconf:amd64 (2.5.1-4)…
Selecting previously unselected package libmagickcore-7.q16-dev:amd64.
Preparing to unpack …/47-libmagickcore-7.q16-dev_8%3a7.1.2.18+dfsg1-1_amd64.deb…
Unpacking libmagickcore-7.q16-dev:amd64 (8:7.1.2.18+dfsg1-1)…
Selecting previously unselected package libmagickcore-dev.
Preparing to unpack …/48-libmagickcore-dev_8%3a7.1.2.18+dfsg1-1_all.deb…
Unpacking libmagickcore-dev (8:7.1.2.18+dfsg1-1)…
Selecting previously unselected package bzip2-doc.
Preparing to unpack …/49-bzip2-doc_1.0.8-6ubuntu0.1_all.deb…
Unpacking bzip2-doc (1.0.8-6ubuntu0.1)…
Selecting previously unselected package libexif-doc.
Preparing to unpack …/50-libexif-doc_0.6.25-2ubuntu0.1_all.deb…
Unpacking libexif-doc (0.6.25-2ubuntu0.1)…
Selecting previously unselected package libpng-tools.
Preparing to unpack …/51-libpng-tools_1.6.57-1ubuntu0.1_amd64.deb…
Unpacking libpng-tools (1.6.57-1ubuntu0.1)…
Selecting previously unselected package libtool.
Preparing to unpack …/52-libtool_2.5.4-9_all.deb…
Unpacking libtool (2.5.4-9)…
Setting up bzip2-doc (1.0.8-6ubuntu0.1)…
Setting up libimath-dev:amd64 (3.1.12-1ubuntu5)…
Setting up libjpeg-turbo8-dev:amd64 (2.1.5-4ubuntu4)…
Setting up libfftw3-single3:amd64 (3.3.10-2fakesync1build3)…
Setting up libtool (2.5.4-9)…
Setting up libpkgconf7:amd64 (2.5.1-4)…
Setting up libjbig-dev:amd64 (2.1-6.1ubuntu3)…
Setting up libfftw3-long3:amd64 (3.3.10-2fakesync1build3)…
Setting up liblqr-1-0-dev:amd64 (0.4.2-2.2)…
Setting up libdjvulibre-dev:amd64 (3.5.29-1)…
Setting up libltdl-dev:amd64 (2.5.4-9)…
Setting up xtrans-dev (1.6.0-1build1)…
Setting up libxml2-dev:amd64 (2.15.2+dfsg-0.1ubuntu0.2)…
Setting up libopenexr-dev (3.1.13-2build1)…
Setting up libopenjp2-7-dev:amd64 (2.5.4-1ubuntu0.1)…
Setting up uuid-dev:amd64 (2.41.3-3ubuntu2.2)…
Setting up libfftw3-quad3:amd64 (3.3.10-2fakesync1build3)…
Setting up libexif12:amd64 (0.6.25-2ubuntu0.1)…
Setting up libpng16-16t64:amd64 (1.6.57-1ubuntu0.1)…
Setting up pkgconf-bin (2.5.1-4)…
Setting up liblerc-dev:amd64 (4.0.0+ds-5ubuntu2)…
Setting up libmagickcore-7-headers (8:7.1.2.18+dfsg1-1)…
Setting up liblcms2-dev:amd64 (2.17-1ubuntu0.2)…
Setting up libexif-doc (0.6.25-2ubuntu0.1)…
Setting up xorg-sgml-doctools (1:1.11-1.1build1)…
Setting up libjpeg8-dev:amd64 (8c-2ubuntu12)…
Setting up libtiffxx6:amd64 (4.7.0-3ubuntu5)…
Setting up libdeflate-dev:amd64 (1.23-2ubuntu1)…
Setting up libbrotli-dev:amd64 (1.2.0-3build1)…
Setting up libbz2-dev:amd64 (1.0.8-6ubuntu0.1)…
Setting up libexif-dev:amd64 (0.6.25-2ubuntu0.1)…
Setting up libpng-tools (1.6.57-1ubuntu0.1)…
Setting up libfftw3-bin (3.3.10-2fakesync1build3)…
Setting up libmagickcore-7-arch-config:amd64 (8:7.1.2.18+dfsg1-1)…
Setting up libpng-dev:amd64 (1.6.57-1ubuntu0.1)…
Setting up libjpeg-dev:amd64 (8c-2ubuntu12)…
Setting up pkgconf:amd64 (2.5.1-4)…
Setting up libfreetype-dev:amd64 (2.14.2+dfsg-1ubuntu0.2)…
Setting up libwmf-0.2-7:amd64 (0.2.14-1)…
Setting up libtiff-dev:amd64 (4.7.0-3ubuntu5)…
Setting up libfftw3-dev:amd64 (3.3.10-2fakesync1build3)…
Processing triggers for man-db (2.13.1-1build1)…
Processing triggers for libgdk-pixbuf-2.0-0:amd64 (2.44.5+dfsg-4ubuntu1)…
Processing triggers for sgml-base (1.31+nmu1build1)…
Processing triggers for install-info (7.2-5ubuntu2)…
Setting up x11proto-dev (2025.1-1)…
Setting up libxau-dev:amd64 (1:1.0.11-1build2)…
Setting up libice-dev:amd64 (2:1.1.1-1build1)…
Setting up libsm-dev:amd64 (2:1.2.6-1build1)…
Processing triggers for libc-bin (2.43-2ubuntu2.4)…
Setting up libxdmcp-dev:amd64 (1:1.1.5-2)…
Setting up libxcb1-dev:amd64 (1.17.0-2ubuntu1)…
Setting up libx11-dev:amd64 (2:1.8.13-1)…
Setting up libwmf-dev (0.2.14-1)…
Setting up libxt-dev:amd64 (1:1.2.1-1.3build1)…
Setting up libxext-dev:amd64 (2:1.3.4-1build3)…
Setting up libmagickcore-7.q16-dev:amd64 (8:7.1.2.18+dfsg1-1)…
Setting up libmagickcore-dev (8:7.1.2.18+dfsg1-1)…

WARNING: apt does not have a stable CLI interface. Use with caution in scripts.

Reading package lists...
Building dependency tree...
Reading state information...
Solving dependencies...
Installing:
  libmagickwand-dev

Installing dependencies:
  libmagickwand-7-headers  libmagickwand-7.q16-dev

Summary:
  Upgrading: 0, Installing: 3, Removing: 0, Not Upgrading: 16
  Download size: 395 kB
  Space needed: 3,094 kB / 1,021 GB available

Get:1 http://archive.ubuntu.com/ubuntu resolute/universe amd64 libmagickwand-7-headers all 8:7.1.2.18+dfsg1-1 [9,706 B]
Get:2 http://archive.ubuntu.com/ubuntu resolute/universe amd64 libmagickwand-7.q16-dev amd64 8:7.1.2.18+dfsg1-1 [385 kB]
Get:3 http://archive.ubuntu.com/ubuntu resolute/universe amd64 libmagickwand-dev all 8:7.1.2.18+dfsg1-1 [984 B]
Fetched 395 kB in 2s (188 kB/s)
Selecting previously unselected package libmagickwand-7-headers.
(Reading database… 
(Reading database… 5%
(Reading database… 10%
(Reading database… 15%
(Reading database… 20%
(Reading database… 25%
(Reading database… 30%
(Reading database… 35%
(Reading database… 40%
(Reading database… 45%
(Reading database… 50%
(Reading database… 55%
(Reading database… 60%
(Reading database… 65%
(Reading database… 70%
(Reading database… 75%
(Reading database… 80%
(Reading database… 85%
(Reading database… 90%
(Reading database… 95%
(Reading database… 100%
(Reading database… 79992 files and directories currently installed.)
Preparing to unpack …/libmagickwand-7-headers_8%3a7.1.2.18+dfsg1-1_all.deb…
Unpacking libmagickwand-7-headers (8:7.1.2.18+dfsg1-1)…
Selecting previously unselected package libmagickwand-7.q16-dev:amd64.
Preparing to unpack …/libmagickwand-7.q16-dev_8%3a7.1.2.18+dfsg1-1_amd64.deb…
Unpacking libmagickwand-7.q16-dev:amd64 (8:7.1.2.18+dfsg1-1)…
Selecting previously unselected package libmagickwand-dev.
Preparing to unpack …/libmagickwand-dev_8%3a7.1.2.18+dfsg1-1_all.deb…
Unpacking libmagickwand-dev (8:7.1.2.18+dfsg1-1)…
Setting up libmagickwand-7-headers (8:7.1.2.18+dfsg1-1)…
Setting up libmagickwand-7.q16-dev:amd64 (8:7.1.2.18+dfsg1-1)…
Setting up libmagickwand-dev (8:7.1.2.18+dfsg1-1)…

WARNING: apt does not have a stable CLI interface. Use with caution in scripts.

Reading package lists...
Building dependency tree...
Reading state information...
Package libxml2 is not available, but is referred to by another package.
This may mean that the package is missing, has been obsoleted, or
is only available from another source

Error: Package 'libxml2' has no installation candidate

WARNING: apt does not have a stable CLI interface. Use with caution in scripts.

Reading package lists...
Building dependency tree...
Reading state information...
Solving dependencies...
Installing:
  libgmp-dev  libgmp3-dev  libreadline-dev  libxpm-dev

Installing dependencies:
  libgmpxx4ldbl  libxpm4

Suggested packages:
  gmp-doc  libgmp10-doc  libmpfr-dev  readline-doc

Summary:
  Upgrading: 0, Installing: 6, Removing: 0, Not Upgrading: 16
  Download size: 681 kB
  Space needed: 2,956 kB / 1,021 GB available

Get:1 http://archive.ubuntu.com/ubuntu resolute/main amd64 libgmpxx4ldbl amd64 2:6.3.0+dfsg-5ubuntu2 [9,956 B]
Get:2 http://archive.ubuntu.com/ubuntu resolute/main amd64 libgmp-dev amd64 2:6.3.0+dfsg-5ubuntu2 [342 kB]
Get:3 http://archive.ubuntu.com/ubuntu resolute/main amd64 libgmp3-dev amd64 2:6.3.0+dfsg-5ubuntu2 [2,312 B]
Get:4 http://archive.ubuntu.com/ubuntu resolute/main amd64 libreadline-dev amd64 8.3-4 [180 kB]
Get:5 http://archive.ubuntu.com/ubuntu resolute-updates/main amd64 libxpm4 amd64 1:3.5.17-1ubuntu0.26.04.2 [37.2 kB]
Get:6 http://archive.ubuntu.com/ubuntu resolute-updates/main amd64 libxpm-dev amd64 1:3.5.17-1ubuntu0.26.04.2 [110 kB]
Fetched 681 kB in 2s (283 kB/s)
Selecting previously unselected package libgmpxx4ldbl:amd64.
(Reading database… 
(Reading database… 5%
(Reading database… 10%
(Reading database… 15%
(Reading database… 20%
(Reading database… 25%
(Reading database… 30%
(Reading database… 35%
(Reading database… 40%
(Reading database… 45%
(Reading database… 50%
(Reading database… 55%
(Reading database… 60%
(Reading database… 65%
(Reading database… 70%
(Reading database… 75%
(Reading database… 80%
(Reading database… 85%
(Reading database… 90%
(Reading database… 95%
(Reading database… 100%
(Reading database… 80033 files and directories currently installed.)
Preparing to unpack …/0-libgmpxx4ldbl_2%3a6.3.0+dfsg-5ubuntu2_amd64.deb…
Unpacking libgmpxx4ldbl:amd64 (2:6.3.0+dfsg-5ubuntu2)…
Selecting previously unselected package libgmp-dev:amd64.
Preparing to unpack …/1-libgmp-dev_2%3a6.3.0+dfsg-5ubuntu2_amd64.deb…
Unpacking libgmp-dev:amd64 (2:6.3.0+dfsg-5ubuntu2)…
Selecting previously unselected package libgmp3-dev:amd64.
Preparing to unpack …/2-libgmp3-dev_2%3a6.3.0+dfsg-5ubuntu2_amd64.deb…
Unpacking libgmp3-dev:amd64 (2:6.3.0+dfsg-5ubuntu2)…
Selecting previously unselected package libreadline-dev:amd64.
Preparing to unpack …/3-libreadline-dev_8.3-4_amd64.deb…
Unpacking libreadline-dev:amd64 (8.3-4)…
Selecting previously unselected package libxpm4:amd64.
Preparing to unpack …/4-libxpm4_1%3a3.5.17-1ubuntu0.26.04.2_amd64.deb…
Unpacking libxpm4:amd64 (1:3.5.17-1ubuntu0.26.04.2)…
Selecting previously unselected package libxpm-dev:amd64.
Preparing to unpack …/5-libxpm-dev_1%3a3.5.17-1ubuntu0.26.04.2_amd64.deb…
Unpacking libxpm-dev:amd64 (1:3.5.17-1ubuntu0.26.04.2)…
Setting up libxpm4:amd64 (1:3.5.17-1ubuntu0.26.04.2)…
Setting up libreadline-dev:amd64 (8.3-4)…
Setting up libgmpxx4ldbl:amd64 (2:6.3.0+dfsg-5ubuntu2)…
Setting up libxpm-dev:amd64 (1:3.5.17-1ubuntu0.26.04.2)…
Setting up libgmp-dev:amd64 (2:6.3.0+dfsg-5ubuntu2)…
Setting up libgmp3-dev:amd64 (2:6.3.0+dfsg-5ubuntu2)…
Processing triggers for libc-bin (2.43-2ubuntu2.4)…
Processing triggers for man-db (2.13.1-1build1)…
Processing triggers for install-info (7.2-5ubuntu2)…

WARNING: apt does not have a stable CLI interface. Use with caution in scripts.

Reading package lists...
Building dependency tree...
Reading state information...
Solving dependencies...
Installing:
  libpq-dev

Installing dependencies:
  libpq5

Suggested packages:
  postgresql-doc-18  libpq-oauth

Summary:
  Upgrading: 0, Installing: 2, Removing: 0, Not Upgrading: 16
  Download size: 339 kB
  Space needed: 1,186 kB / 1,021 GB available

Get:1 http://archive.ubuntu.com/ubuntu resolute-updates/main amd64 libpq5 amd64 18.6-0ubuntu0.26.04.1 [163 kB]
Get:2 http://archive.ubuntu.com/ubuntu resolute-updates/main amd64 libpq-dev amd64 18.6-0ubuntu0.26.04.1 [176 kB]
Fetched 339 kB in 2s (143 kB/s)
Selecting previously unselected package libpq5:amd64.
(Reading database… 
(Reading database… 5%
(Reading database… 10%
(Reading database… 15%
(Reading database… 20%
(Reading database… 25%
(Reading database… 30%
(Reading database… 35%
(Reading database… 40%
(Reading database… 45%
(Reading database… 50%
(Reading database… 55%
(Reading database… 60%
(Reading database… 65%
(Reading database… 70%
(Reading database… 75%
(Reading database… 80%
(Reading database… 85%
(Reading database… 90%
(Reading database… 95%
(Reading database… 100%
(Reading database… 80126 files and directories currently installed.)
Preparing to unpack …/libpq5_18.6-0ubuntu0.26.04.1_amd64.deb…
Unpacking libpq5:amd64 (18.6-0ubuntu0.26.04.1)…
Selecting previously unselected package libpq-dev.
Preparing to unpack …/libpq-dev_18.6-0ubuntu0.26.04.1_amd64.deb…
Unpacking libpq-dev (18.6-0ubuntu0.26.04.1)…
Setting up libpq5:amd64 (18.6-0ubuntu0.26.04.1)…
Setting up libpq-dev (18.6-0ubuntu0.26.04.1)…
Processing triggers for libc-bin (2.43-2ubuntu2.4)…
Processing triggers for man-db (2.13.1-1build1)…

WARNING: apt does not have a stable CLI interface. Use with caution in scripts.

Reading package lists...
Building dependency tree...
Reading state information...
Solving dependencies...
Installing:
  dia

Installing dependencies:
  dia-common            gir1.2-harfbuzz-0.0   libnspr4
  dia-shapes            gir1.2-pango-1.0      libnss3
  gir1.2-atk-1.0        libemf1               libpangoxft-1.0-0
  gir1.2-freedesktop    libgpgmepp7           libpoppler156
  gir1.2-gdkpixbuf-2.0  libgraphene-1.0-0     libxft2
  gir1.2-gtk-3.0        libharfbuzz-gobject0

Summary:
  Upgrading: 0, Installing: 18, Removing: 0, Not Upgrading: 16
  Download size: 11.0 MB
  Space needed: 40.7 MB / 1,021 GB available

Get:1 http://archive.ubuntu.com/ubuntu resolute/universe amd64 libemf1 amd64 1.0.13-8build1 [60.7 kB]
Get:2 http://archive.ubuntu.com/ubuntu resolute/main amd64 libgraphene-1.0-0 amd64 1.10.8-5build1 [46.2 kB]
Get:3 http://archive.ubuntu.com/ubuntu resolute/main amd64 libgpgmepp7 amd64 2.0.0-2 [131 kB]
Get:4 http://archive.ubuntu.com/ubuntu resolute/main amd64 libnspr4 amd64 2:4.38.2-1ubuntu1 [118 kB]
Get:5 http://archive.ubuntu.com/ubuntu resolute-updates/main amd64 libnss3 amd64 2:3.120-1ubuntu2.1 [1,515 kB]
Get:6 http://archive.ubuntu.com/ubuntu resolute-updates/main amd64 libpoppler156 amd64 26.01.0-2ubuntu0.2 [1,239 kB]
Get:7 http://archive.ubuntu.com/ubuntu resolute/universe amd64 dia-common all 0.98+git20260221-1 [6,064 kB]
Get:8 http://archive.ubuntu.com/ubuntu resolute-updates/main amd64 gir1.2-atk-1.0 amd64 2.60.4-0ubuntu0.1 [23.2 kB]
Get:9 http://archive.ubuntu.com/ubuntu resolute/main amd64 gir1.2-freedesktop amd64 1.86.0-6build1 [66.0 kB]
Get:10 http://archive.ubuntu.com/ubuntu resolute/main amd64 gir1.2-gdkpixbuf-2.0 amd64 2.44.5+dfsg-4ubuntu1 [9,312 B]
Get:11 http://archive.ubuntu.com/ubuntu resolute/main amd64 libharfbuzz-gobject0 amd64 12.3.2-2 [33.3 kB]
Get:12 http://archive.ubuntu.com/ubuntu resolute/main amd64 gir1.2-harfbuzz-0.0 amd64 12.3.2-2 [44.6 kB]
Get:13 http://archive.ubuntu.com/ubuntu resolute/main amd64 libxft2 amd64 2.3.6-1build2 [45.1 kB]
Get:14 http://archive.ubuntu.com/ubuntu resolute/main amd64 libpangoxft-1.0-0 amd64 1.57.0-1 [20.6 kB]
Get:15 http://archive.ubuntu.com/ubuntu resolute/main amd64 gir1.2-pango-1.0 amd64 1.57.0-1 [34.8 kB]
Get:16 http://archive.ubuntu.com/ubuntu resolute/main amd64 gir1.2-gtk-3.0 amd64 3.24.52-0ubuntu1 [240 kB]
Get:17 http://archive.ubuntu.com/ubuntu resolute/universe amd64 dia amd64 0.98+git20260221-1 [1,044 kB]
Get:18 http://archive.ubuntu.com/ubuntu resolute/universe amd64 dia-shapes all 0.6.0-6 [221 kB]
Fetched 11.0 MB in 6s (1,962 kB/s)
Selecting previously unselected package libemf1:amd64.
(Reading database… 
(Reading database… 5%
(Reading database… 10%
(Reading database… 15%
(Reading database… 20%
(Reading database… 25%
(Reading database… 30%
(Reading database… 35%
(Reading database… 40%
(Reading database… 45%
(Reading database… 50%
(Reading database… 55%
(Reading database… 60%
(Reading database… 65%
(Reading database… 70%
(Reading database… 75%
(Reading database… 80%
(Reading database… 85%
(Reading database… 90%
(Reading database… 95%
(Reading database… 100%
(Reading database… 80159 files and directories currently installed.)
Preparing to unpack …/00-libemf1_1.0.13-8build1_amd64.deb…
Unpacking libemf1:amd64 (1.0.13-8build1)…
Selecting previously unselected package libgraphene-1.0-0:amd64.
Preparing to unpack …/01-libgraphene-1.0-0_1.10.8-5build1_amd64.deb…
Unpacking libgraphene-1.0-0:amd64 (1.10.8-5build1)…
Selecting previously unselected package libgpgmepp7:amd64.
Preparing to unpack …/02-libgpgmepp7_2.0.0-2_amd64.deb…
Unpacking libgpgmepp7:amd64 (2.0.0-2)…
Selecting previously unselected package libnspr4:amd64.
Preparing to unpack …/03-libnspr4_2%3a4.38.2-1ubuntu1_amd64.deb…
Unpacking libnspr4:amd64 (2:4.38.2-1ubuntu1)…
Selecting previously unselected package libnss3:amd64.
Preparing to unpack …/04-libnss3_2%3a3.120-1ubuntu2.1_amd64.deb…
Unpacking libnss3:amd64 (2:3.120-1ubuntu2.1)…
Selecting previously unselected package libpoppler156:amd64.
Preparing to unpack …/05-libpoppler156_26.01.0-2ubuntu0.2_amd64.deb…
Unpacking libpoppler156:amd64 (26.01.0-2ubuntu0.2)…
Selecting previously unselected package dia-common.
Preparing to unpack …/06-dia-common_0.98+git20260221-1_all.deb…
Unpacking dia-common (0.98+git20260221-1)…
Selecting previously unselected package gir1.2-atk-1.0:amd64.
Preparing to unpack …/07-gir1.2-atk-1.0_2.60.4-0ubuntu0.1_amd64.deb…
Unpacking gir1.2-atk-1.0:amd64 (2.60.4-0ubuntu0.1)…
Selecting previously unselected package gir1.2-freedesktop:amd64.
Preparing to unpack …/08-gir1.2-freedesktop_1.86.0-6build1_amd64.deb…
Unpacking gir1.2-freedesktop:amd64 (1.86.0-6build1)…
Selecting previously unselected package gir1.2-gdkpixbuf-2.0:amd64.
Preparing to unpack …/09-gir1.2-gdkpixbuf-2.0_2.44.5+dfsg-4ubuntu1_amd64.deb…
Unpacking gir1.2-gdkpixbuf-2.0:amd64 (2.44.5+dfsg-4ubuntu1)…
Selecting previously unselected package libharfbuzz-gobject0:amd64.
Preparing to unpack …/10-libharfbuzz-gobject0_12.3.2-2_amd64.deb…
Unpacking libharfbuzz-gobject0:amd64 (12.3.2-2)…
Selecting previously unselected package gir1.2-harfbuzz-0.0:amd64.
Preparing to unpack …/11-gir1.2-harfbuzz-0.0_12.3.2-2_amd64.deb…
Unpacking gir1.2-harfbuzz-0.0:amd64 (12.3.2-2)…
Selecting previously unselected package libxft2:amd64.
Preparing to unpack …/12-libxft2_2.3.6-1build2_amd64.deb…
Unpacking libxft2:amd64 (2.3.6-1build2)…
Selecting previously unselected package libpangoxft-1.0-0:amd64.
Preparing to unpack …/13-libpangoxft-1.0-0_1.57.0-1_amd64.deb…
Unpacking libpangoxft-1.0-0:amd64 (1.57.0-1)…
Selecting previously unselected package gir1.2-pango-1.0:amd64.
Preparing to unpack …/14-gir1.2-pango-1.0_1.57.0-1_amd64.deb…
Unpacking gir1.2-pango-1.0:amd64 (1.57.0-1)…
Selecting previously unselected package gir1.2-gtk-3.0:amd64.
Preparing to unpack …/15-gir1.2-gtk-3.0_3.24.52-0ubuntu1_amd64.deb…
Unpacking gir1.2-gtk-3.0:amd64 (3.24.52-0ubuntu1)…
Selecting previously unselected package dia.
Preparing to unpack …/16-dia_0.98+git20260221-1_amd64.deb…
Unpacking dia (0.98+git20260221-1)…
Selecting previously unselected package dia-shapes.
Preparing to unpack …/17-dia-shapes_0.6.0-6_all.deb…
Unpacking dia-shapes (0.6.0-6)…
Setting up libxft2:amd64 (2.3.6-1build2)…
Setting up gir1.2-freedesktop:amd64 (1.86.0-6build1)…
Setting up libpangoxft-1.0-0:amd64 (1.57.0-1)…
Setting up gir1.2-gdkpixbuf-2.0:amd64 (2.44.5+dfsg-4ubuntu1)…
Setting up gir1.2-atk-1.0:amd64 (2.60.4-0ubuntu0.1)…
Setting up libgpgmepp7:amd64 (2.0.0-2)…
Setting up libharfbuzz-gobject0:amd64 (12.3.2-2)…
Setting up gir1.2-harfbuzz-0.0:amd64 (12.3.2-2)…
Setting up gir1.2-pango-1.0:amd64 (1.57.0-1)…
Setting up dia-common (0.98+git20260221-1)…
Setting up libnspr4:amd64 (2:4.38.2-1ubuntu1)…
Setting up libemf1:amd64 (1.0.13-8build1)…
Setting up libgraphene-1.0-0:amd64 (1.10.8-5build1)…
Setting up gir1.2-gtk-3.0:amd64 (3.24.52-0ubuntu1)…
Setting up libnss3:amd64 (2:3.120-1ubuntu2.1)…
Setting up libpoppler156:amd64 (26.01.0-2ubuntu0.2)…
Processing triggers for sgml-base (1.31+nmu1build1)…
Processing triggers for hicolor-icon-theme (0.18-2build1)…
Processing triggers for libc-bin (2.43-2ubuntu2.4)…
Processing triggers for man-db (2.13.1-1build1)…
Setting up dia (0.98+git20260221-1)…
Setting up dia-shapes (0.6.0-6)…

WARNING: apt does not have a stable CLI interface. Use with caution in scripts.

Reading package lists...
Building dependency tree...
Reading state information...
Solving dependencies...
Installing:
  pkg-config

Summary:
  Upgrading: 0, Installing: 1, Removing: 0, Not Upgrading: 16
  Download size: 7,684 B
  Space needed: 34.8 kB / 1,021 GB available

Get:1 http://archive.ubuntu.com/ubuntu resolute/main amd64 pkg-config amd64 2.5.1-4 [7,684 B]
Fetched 7,684 B in 1s (11.4 kB/s)
Selecting previously unselected package pkg-config:amd64.
(Reading database… 
(Reading database… 5%
(Reading database… 10%
(Reading database… 15%
(Reading database… 20%
(Reading database… 25%
(Reading database… 30%
(Reading database… 35%
(Reading database… 40%
(Reading database… 45%
(Reading database… 50%
(Reading database… 55%
(Reading database… 60%
(Reading database… 65%
(Reading database… 70%
(Reading database… 75%
(Reading database… 80%
(Reading database… 85%
(Reading database… 90%
(Reading database… 95%
(Reading database… 100%
(Reading database… 83579 files and directories currently installed.)
Preparing to unpack …/pkg-config_2.5.1-4_amd64.deb…
Unpacking pkg-config:amd64 (2.5.1-4)…
Setting up pkg-config:amd64 (2.5.1-4)…

WARNING: apt does not have a stable CLI interface. Use with caution in scripts.

Reading package lists...
Building dependency tree...
Reading state information...
zlib1g-dev is already the newest version (1:1.3.dfsg+really1.3.1-1ubuntu3.1).
zlib1g-dev set to manually installed.
Solving dependencies...
Summary:
  Upgrading: 0, Installing: 0, Removing: 0, Not Upgrading: 16

WARNING: apt does not have a stable CLI interface. Use with caution in scripts.

Reading package lists...
Building dependency tree...
Reading state information...
libjpeg-dev is already the newest version (8c-2ubuntu12).
libjpeg-dev set to manually installed.
libpng-dev is already the newest version (1.6.57-1ubuntu0.1).
libpng-dev set to manually installed.
Solving dependencies...
Summary:
  Upgrading: 0, Installing: 0, Removing: 0, Not Upgrading: 16

WARNING: apt does not have a stable CLI interface. Use with caution in scripts.

Reading package lists...
Building dependency tree...
Reading state information...
libfreetype6 is already the newest version (2.14.2+dfsg-1ubuntu0.2).
libfreetype6 set to manually installed.
Solving dependencies...
Summary:
  Upgrading: 0, Installing: 0, Removing: 0, Not Upgrading: 16

WARNING: apt does not have a stable CLI interface. Use with caution in scripts.

Reading package lists...
Building dependency tree...
Reading state information...
Error: Unable to locate package libjpeg62-turbo-dev

WARNING: apt does not have a stable CLI interface. Use with caution in scripts.

Reading package lists...
Building dependency tree...
Reading state information...
libfreetype-dev is already the newest version (2.14.2+dfsg-1ubuntu0.2).
libfreetype-dev set to manually installed.
Solving dependencies...
Summary:
  Upgrading: 0, Installing: 0, Removing: 0, Not Upgrading: 16

WARNING: apt does not have a stable CLI interface. Use with caution in scripts.

Reading package lists...
Building dependency tree...
Reading state information...
Solving dependencies...
Installing:
  libevent-dev  libldap2-dev

Installing dependencies:
  libevent-2.1-7t64        libevent-openssl-2.1-7t64   libldap-dev
  libevent-extra-2.1-7t64  libevent-pthreads-2.1-7t64

Summary:
  Upgrading: 0, Installing: 7, Removing: 0, Not Upgrading: 16
  Download size: 837 kB
  Space needed: 4,170 kB / 1,021 GB available

Get:1 http://archive.ubuntu.com/ubuntu resolute-updates/main amd64 libevent-2.1-7t64 amd64 2.1.12-stable-10ubuntu0.2 [145 kB]
Get:2 http://archive.ubuntu.com/ubuntu resolute-updates/main amd64 libevent-extra-2.1-7t64 amd64 2.1.12-stable-10ubuntu0.2 [64.8 kB]
Get:3 http://archive.ubuntu.com/ubuntu resolute-updates/main amd64 libevent-pthreads-2.1-7t64 amd64 2.1.12-stable-10ubuntu0.2 [8,170 B]
Get:4 http://archive.ubuntu.com/ubuntu resolute-updates/main amd64 libevent-openssl-2.1-7t64 amd64 2.1.12-stable-10ubuntu0.2 [15.9 kB]
Get:5 http://archive.ubuntu.com/ubuntu resolute-updates/main amd64 libevent-dev amd64 2.1.12-stable-10ubuntu0.2 [276 kB]
Get:6 http://archive.ubuntu.com/ubuntu resolute/main amd64 libldap-dev amd64 2.6.10+dfsg-1ubuntu5 [315 kB]
Get:7 http://archive.ubuntu.com/ubuntu resolute/main amd64 libldap2-dev all 2.6.10+dfsg-1ubuntu5 [12.1 kB]
Fetched 837 kB in 3s (285 kB/s)
Selecting previously unselected package libevent-2.1-7t64:amd64.
(Reading database… 
(Reading database… 5%
(Reading database… 10%
(Reading database… 15%
(Reading database… 20%
(Reading database… 25%
(Reading database… 30%
(Reading database… 35%
(Reading database… 40%
(Reading database… 45%
(Reading database… 50%
(Reading database… 55%
(Reading database… 60%
(Reading database… 65%
(Reading database… 70%
(Reading database… 75%
(Reading database… 80%
(Reading database… 85%
(Reading database… 90%
(Reading database… 95%
(Reading database… 100%
(Reading database… 83583 files and directories currently installed.)
Preparing to unpack …/0-libevent-2.1-7t64_2.1.12-stable-10ubuntu0.2_amd64.deb…
Unpacking libevent-2.1-7t64:amd64 (2.1.12-stable-10ubuntu0.2)…
Selecting previously unselected package libevent-extra-2.1-7t64:amd64.
Preparing to unpack …/1-libevent-extra-2.1-7t64_2.1.12-stable-10ubuntu0.2_amd64.deb…
Unpacking libevent-extra-2.1-7t64:amd64 (2.1.12-stable-10ubuntu0.2)…
Selecting previously unselected package libevent-pthreads-2.1-7t64:amd64.
Preparing to unpack …/2-libevent-pthreads-2.1-7t64_2.1.12-stable-10ubuntu0.2_amd64.deb…
Unpacking libevent-pthreads-2.1-7t64:amd64 (2.1.12-stable-10ubuntu0.2)…
Selecting previously unselected package libevent-openssl-2.1-7t64:amd64.
Preparing to unpack …/3-libevent-openssl-2.1-7t64_2.1.12-stable-10ubuntu0.2_amd64.deb…
Unpacking libevent-openssl-2.1-7t64:amd64 (2.1.12-stable-10ubuntu0.2)…
Selecting previously unselected package libevent-dev.
Preparing to unpack …/4-libevent-dev_2.1.12-stable-10ubuntu0.2_amd64.deb…
Unpacking libevent-dev (2.1.12-stable-10ubuntu0.2)…
Selecting previously unselected package libldap-dev:amd64.
Preparing to unpack …/5-libldap-dev_2.6.10+dfsg-1ubuntu5_amd64.deb…
Unpacking libldap-dev:amd64 (2.6.10+dfsg-1ubuntu5)…
Selecting previously unselected package libldap2-dev.
Preparing to unpack …/6-libldap2-dev_2.6.10+dfsg-1ubuntu5_all.deb…
Unpacking libldap2-dev (2.6.10+dfsg-1ubuntu5)…
Setting up libevent-pthreads-2.1-7t64:amd64 (2.1.12-stable-10ubuntu0.2)…
Setting up libevent-openssl-2.1-7t64:amd64 (2.1.12-stable-10ubuntu0.2)…
Setting up libevent-2.1-7t64:amd64 (2.1.12-stable-10ubuntu0.2)…
Setting up libldap-dev:amd64 (2.6.10+dfsg-1ubuntu5)…
Setting up libevent-extra-2.1-7t64:amd64 (2.1.12-stable-10ubuntu0.2)…
Setting up libldap2-dev (2.6.10+dfsg-1ubuntu5)…
Setting up libevent-dev (2.1.12-stable-10ubuntu0.2)…
Processing triggers for man-db (2.13.1-1build1)…
Processing triggers for libc-bin (2.43-2ubuntu2.4)…

WARNING: apt does not have a stable CLI interface. Use with caution in scripts.

Reading package lists...
Building dependency tree...
Reading state information...
Solving dependencies...
Installing:
  libzip-dev

Installing dependencies:
  libzip5  zipcmp  zipmerge  ziptool

Summary:
  Upgrading: 0, Installing: 5, Removing: 0, Not Upgrading: 16
  Download size: 285 kB
  Space needed: 732 kB / 1,021 GB available

Get:1 http://archive.ubuntu.com/ubuntu resolute/universe amd64 libzip5 amd64 1.11.4-2 [63.3 kB]
Get:2 http://archive.ubuntu.com/ubuntu resolute/universe amd64 zipcmp amd64 1.11.4-2 [14.9 kB]
Get:3 http://archive.ubuntu.com/ubuntu resolute/universe amd64 zipmerge amd64 1.11.4-2 [9,152 B]
Get:4 http://archive.ubuntu.com/ubuntu resolute/universe amd64 ziptool amd64 1.11.4-2 [17.7 kB]
Get:5 http://archive.ubuntu.com/ubuntu resolute/universe amd64 libzip-dev amd64 1.11.4-2 [180 kB]
Fetched 285 kB in 2s (125 kB/s)
Selecting previously unselected package libzip5:amd64.
(Reading database… 
(Reading database… 5%
(Reading database… 10%
(Reading database… 15%
(Reading database… 20%
(Reading database… 25%
(Reading database… 30%
(Reading database… 35%
(Reading database… 40%
(Reading database… 45%
(Reading database… 50%
(Reading database… 55%
(Reading database… 60%
(Reading database… 65%
(Reading database… 70%
(Reading database… 75%
(Reading database… 80%
(Reading database… 85%
(Reading database… 90%
(Reading database… 95%
(Reading database… 100%
(Reading database… 83892 files and directories currently installed.)
Preparing to unpack …/libzip5_1.11.4-2_amd64.deb…
Unpacking libzip5:amd64 (1.11.4-2)…
Selecting previously unselected package zipcmp.
Preparing to unpack …/zipcmp_1.11.4-2_amd64.deb…
Unpacking zipcmp (1.11.4-2)…
Selecting previously unselected package zipmerge.
Preparing to unpack …/zipmerge_1.11.4-2_amd64.deb…
Unpacking zipmerge (1.11.4-2)…
Selecting previously unselected package ziptool.
Preparing to unpack …/ziptool_1.11.4-2_amd64.deb…
Unpacking ziptool (1.11.4-2)…
Selecting previously unselected package libzip-dev:amd64.
Preparing to unpack …/libzip-dev_1.11.4-2_amd64.deb…
Unpacking libzip-dev:amd64 (1.11.4-2)…
Setting up libzip5:amd64 (1.11.4-2)…
Setting up zipmerge (1.11.4-2)…
Setting up zipcmp (1.11.4-2)…
Setting up ziptool (1.11.4-2)…
Setting up libzip-dev:amd64 (1.11.4-2)…
Processing triggers for man-db (2.13.1-1build1)…
Processing triggers for libc-bin (2.43-2ubuntu2.4)…

WARNING: apt does not have a stable CLI interface. Use with caution in scripts.

Reading package lists...
Building dependency tree...
Reading state information...
Solving dependencies...
Installing:
  libicu-dev

Installing dependencies:
  icu-devtools  libicu78

Suggested packages:
  icu-doc

Summary:
  Upgrading: 0, Installing: 3, Removing: 0, Not Upgrading: 16
  Download size: 24.2 MB
  Space needed: 91.9 MB / 1,021 GB available

Get:1 http://archive.ubuntu.com/ubuntu resolute/main amd64 libicu78 amd64 78.2-2ubuntu1 [11.5 MB]
Get:2 http://archive.ubuntu.com/ubuntu resolute/main amd64 icu-devtools amd64 78.2-2ubuntu1 [214 kB]
Get:3 http://archive.ubuntu.com/ubuntu resolute/main amd64 libicu-dev amd64 78.2-2ubuntu1 [12.5 MB]
Fetched 24.2 MB in 6s (3,757 kB/s)
Selecting previously unselected package libicu78:amd64.
(Reading database… 
(Reading database… 5%
(Reading database… 10%
(Reading database… 15%
(Reading database… 20%
(Reading database… 25%
(Reading database… 30%
(Reading database… 35%
(Reading database… 40%
(Reading database… 45%
(Reading database… 50%
(Reading database… 55%
(Reading database… 60%
(Reading database… 65%
(Reading database… 70%
(Reading database… 75%
(Reading database… 80%
(Reading database… 85%
(Reading database… 90%
(Reading database… 95%
(Reading database… 100%
(Reading database… 84071 files and directories currently installed.)
Preparing to unpack …/libicu78_78.2-2ubuntu1_amd64.deb…
Unpacking libicu78:amd64 (78.2-2ubuntu1)…
Selecting previously unselected package icu-devtools.
Preparing to unpack …/icu-devtools_78.2-2ubuntu1_amd64.deb…
Unpacking icu-devtools (78.2-2ubuntu1)…
Selecting previously unselected package libicu-dev:amd64.
Preparing to unpack …/libicu-dev_78.2-2ubuntu1_amd64.deb…
Unpacking libicu-dev:amd64 (78.2-2ubuntu1)…
Setting up libicu78:amd64 (78.2-2ubuntu1)…
Setting up icu-devtools (78.2-2ubuntu1)…
Setting up libicu-dev:amd64 (78.2-2ubuntu1)…
Processing triggers for man-db (2.13.1-1build1)…
Processing triggers for libc-bin (2.43-2ubuntu2.4)…

WARNING: apt does not have a stable CLI interface. Use with caution in scripts.

Reading package lists...
Building dependency tree...
Reading state information...
Solving dependencies...
Installing:
  libyaml-dev

Suggested packages:
  libyaml-doc

Summary:
  Upgrading: 0, Installing: 1, Removing: 0, Not Upgrading: 16
  Download size: 63.9 kB
  Space needed: 265 kB / 1,021 GB available

Get:1 http://archive.ubuntu.com/ubuntu resolute/main amd64 libyaml-dev amd64 0.2.5-2build3 [63.9 kB]
Fetched 63.9 kB in 1s (49.3 kB/s)
Selecting previously unselected package libyaml-dev:amd64.
(Reading database… 
(Reading database… 5%
(Reading database… 10%
(Reading database… 15%
(Reading database… 20%
(Reading database… 25%
(Reading database… 30%
(Reading database… 35%
(Reading database… 40%
(Reading database… 45%
(Reading database… 50%
(Reading database… 55%
(Reading database… 60%
(Reading database… 65%
(Reading database… 70%
(Reading database… 75%
(Reading database… 80%
(Reading database… 85%
(Reading database… 90%
(Reading database… 95%
(Reading database… 100%
(Reading database… 84360 files and directories currently installed.)
Preparing to unpack …/libyaml-dev_0.2.5-2build3_amd64.deb…
Unpacking libyaml-dev:amd64 (0.2.5-2build3)…
Setting up libyaml-dev:amd64 (0.2.5-2build3)…

WARNING: apt does not have a stable CLI interface. Use with caution in scripts.

Reading package lists...
Building dependency tree...
Reading state information...
Solving dependencies...
Installing:
  xsltproc

Installing dependencies:
  libxslt1.1

Summary:
  Upgrading: 0, Installing: 2, Removing: 0, Not Upgrading: 16
  Download size: 180 kB
  Space needed: 501 kB / 1,021 GB available

Get:1 http://archive.ubuntu.com/ubuntu resolute/main amd64 libxslt1.1 amd64 1.1.45-0.1 [165 kB]
Get:2 http://archive.ubuntu.com/ubuntu resolute/main amd64 xsltproc amd64 1.1.45-0.1 [14.9 kB]
Fetched 180 kB in 2s (91.4 kB/s)
Selecting previously unselected package libxslt1.1:amd64.
(Reading database… 
(Reading database… 5%
(Reading database… 10%
(Reading database… 15%
(Reading database… 20%
(Reading database… 25%
(Reading database… 30%
(Reading database… 35%
(Reading database… 40%
(Reading database… 45%
(Reading database… 50%
(Reading database… 55%
(Reading database… 60%
(Reading database… 65%
(Reading database… 70%
(Reading database… 75%
(Reading database… 80%
(Reading database… 85%
(Reading database… 90%
(Reading database… 95%
(Reading database… 100%
(Reading database… 84367 files and directories currently installed.)
Preparing to unpack …/libxslt1.1_1.1.45-0.1_amd64.deb…
Unpacking libxslt1.1:amd64 (1.1.45-0.1)…
Selecting previously unselected package xsltproc.
Preparing to unpack …/xsltproc_1.1.45-0.1_amd64.deb…
Unpacking xsltproc (1.1.45-0.1)…
Setting up libxslt1.1:amd64 (1.1.45-0.1)…
Setting up xsltproc (1.1.45-0.1)…
Processing triggers for libc-bin (2.43-2ubuntu2.4)…
Processing triggers for man-db (2.13.1-1build1)…

WARNING: apt does not have a stable CLI interface. Use with caution in scripts.

Reading package lists...
Building dependency tree...
Reading state information...
build-essential is already the newest version (12.12ubuntu2.26.04.2).
build-essential set to manually installed.
Solving dependencies...
Summary:
  Upgrading: 0, Installing: 0, Removing: 0, Not Upgrading: 16

WARNING: apt does not have a stable CLI interface. Use with caution in scripts.

Reading package lists...
Building dependency tree...
Reading state information...
Solving dependencies...
Installing:
  libcurl4-openssl-dev

Installing dependencies:
  comerr-dev              libgssrpc4t64       libkrb5-dev     libssh2-1-dev
  krb5-multidev           libidn2-dev         libnghttp2-dev  libtasn1-6-dev
  libgnutls-dane0t64      libkadm5clnt-mit12  libp11-kit-dev  libtasn1-doc
  libgnutls-openssl27t64  libkadm5srv-mit12   libpsl-dev      libunbound8
  libgnutls28-dev         libkdb5-10t64       librtmp-dev     nettle-dev

Suggested packages:
  doc-base  libcurl4-doc  dns-root-data  gnutls-doc  libnghttp2-doc
  krb5-doc  libidn-dev    gnutls-bin     krb5-user   p11-kit-doc

Summary:
  Upgrading: 0, Installing: 21, Removing: 0, Not Upgrading: 16
  Download size: 4,811 kB
  Space needed: 17.7 MB / 1,021 GB available

Get:1 http://archive.ubuntu.com/ubuntu resolute/main amd64 comerr-dev amd64 2.1-1.47.2-3ubuntu4 [44.6 kB]
Get:2 http://archive.ubuntu.com/ubuntu resolute-updates/main amd64 libgssrpc4t64 amd64 1.22.1-2ubuntu4.1 [57.9 kB]
Get:3 http://archive.ubuntu.com/ubuntu resolute-updates/main amd64 libkadm5clnt-mit12 amd64 1.22.1-2ubuntu4.1 [40.2 kB]
Get:4 http://archive.ubuntu.com/ubuntu resolute-updates/main amd64 libkdb5-10t64 amd64 1.22.1-2ubuntu4.1 [41.6 kB]
Get:5 http://archive.ubuntu.com/ubuntu resolute-updates/main amd64 libkadm5srv-mit12 amd64 1.22.1-2ubuntu4.1 [55.2 kB]
Get:6 http://archive.ubuntu.com/ubuntu resolute-updates/main amd64 krb5-multidev amd64 1.22.1-2ubuntu4.1 [126 kB]
Get:7 http://archive.ubuntu.com/ubuntu resolute/main amd64 libidn2-dev amd64 2.3.8-4build1 [121 kB]
Get:8 http://archive.ubuntu.com/ubuntu resolute-updates/main amd64 libkrb5-dev amd64 1.22.1-2ubuntu4.1 [11.9 kB]
Get:9 http://archive.ubuntu.com/ubuntu resolute-updates/main amd64 libnghttp2-dev amd64 1.68.0-2ubuntu0.2 [114 kB]
Get:10 http://archive.ubuntu.com/ubuntu resolute/main amd64 libpsl-dev amd64 0.21.2-1.1build2 [78.7 kB]
Get:11 http://archive.ubuntu.com/ubuntu resolute-updates/main amd64 libunbound8 amd64 1.24.2-1ubuntu2.3 [456 kB]
Get:12 http://archive.ubuntu.com/ubuntu resolute-updates/main amd64 libgnutls-dane0t64 amd64 3.8.12-2ubuntu1.1 [25.3 kB]
Get:13 http://archive.ubuntu.com/ubuntu resolute-updates/main amd64 libgnutls-openssl27t64 amd64 3.8.12-2ubuntu1.1 [25.5 kB]
Get:14 http://archive.ubuntu.com/ubuntu resolute/main amd64 libp11-kit-dev amd64 0.26.2-2 [30.9 kB]
Get:15 http://archive.ubuntu.com/ubuntu resolute/main amd64 libtasn1-6-dev amd64 4.21.0-2 [92.4 kB]
Get:16 http://archive.ubuntu.com/ubuntu resolute/main amd64 nettle-dev amd64 3.10.2-1 [1,176 kB]
Get:17 http://archive.ubuntu.com/ubuntu resolute-updates/main amd64 libgnutls28-dev amd64 3.8.12-2ubuntu1.1 [1,107 kB]
Get:18 http://archive.ubuntu.com/ubuntu resolute/main amd64 librtmp-dev amd64 2.4+20151223.gitfa8646d.1-3 [69.2 kB]
Get:19 http://archive.ubuntu.com/ubuntu resolute-updates/main amd64 libssh2-1-dev amd64 1.11.1-1ubuntu0.26.04.4 [283 kB]
Get:20 http://archive.ubuntu.com/ubuntu resolute-updates/main amd64 libcurl4-openssl-dev amd64 8.18.0-1ubuntu2.7 [545 kB]
Get:21 http://archive.ubuntu.com/ubuntu resolute/main amd64 libtasn1-doc all 4.21.0-2 [310 kB]
Fetched 4,811 kB in 4s (1,239 kB/s)
Selecting previously unselected package comerr-dev:amd64.
(Reading database… 
(Reading database… 5%
(Reading database… 10%
(Reading database… 15%
(Reading database… 20%
(Reading database… 25%
(Reading database… 30%
(Reading database… 35%
(Reading database… 40%
(Reading database… 45%
(Reading database… 50%
(Reading database… 55%
(Reading database… 60%
(Reading database… 65%
(Reading database… 70%
(Reading database… 75%
(Reading database… 80%
(Reading database… 85%
(Reading database… 90%
(Reading database… 95%
(Reading database… 100%
(Reading database… 84391 files and directories currently installed.)
Preparing to unpack …/00-comerr-dev_2.1-1.47.2-3ubuntu4_amd64.deb…
Unpacking comerr-dev:amd64 (2.1-1.47.2-3ubuntu4)…
Selecting previously unselected package libgssrpc4t64:amd64.
Preparing to unpack …/01-libgssrpc4t64_1.22.1-2ubuntu4.1_amd64.deb…
Unpacking libgssrpc4t64:amd64 (1.22.1-2ubuntu4.1)…
Selecting previously unselected package libkadm5clnt-mit12:amd64.
Preparing to unpack …/02-libkadm5clnt-mit12_1.22.1-2ubuntu4.1_amd64.deb…
Unpacking libkadm5clnt-mit12:amd64 (1.22.1-2ubuntu4.1)…
Selecting previously unselected package libkdb5-10t64:amd64.
Preparing to unpack …/03-libkdb5-10t64_1.22.1-2ubuntu4.1_amd64.deb…
Unpacking libkdb5-10t64:amd64 (1.22.1-2ubuntu4.1)…
Selecting previously unselected package libkadm5srv-mit12:amd64.
Preparing to unpack …/04-libkadm5srv-mit12_1.22.1-2ubuntu4.1_amd64.deb…
Unpacking libkadm5srv-mit12:amd64 (1.22.1-2ubuntu4.1)…
Selecting previously unselected package krb5-multidev:amd64.
Preparing to unpack …/05-krb5-multidev_1.22.1-2ubuntu4.1_amd64.deb…
Unpacking krb5-multidev:amd64 (1.22.1-2ubuntu4.1)…
Selecting previously unselected package libidn2-dev:amd64.
Preparing to unpack …/06-libidn2-dev_2.3.8-4build1_amd64.deb…
Unpacking libidn2-dev:amd64 (2.3.8-4build1)…
Selecting previously unselected package libkrb5-dev:amd64.
Preparing to unpack …/07-libkrb5-dev_1.22.1-2ubuntu4.1_amd64.deb…
Unpacking libkrb5-dev:amd64 (1.22.1-2ubuntu4.1)…
Selecting previously unselected package libnghttp2-dev:amd64.
Preparing to unpack …/08-libnghttp2-dev_1.68.0-2ubuntu0.2_amd64.deb…
Unpacking libnghttp2-dev:amd64 (1.68.0-2ubuntu0.2)…
Selecting previously unselected package libpsl-dev:amd64.
Preparing to unpack …/09-libpsl-dev_0.21.2-1.1build2_amd64.deb…
Unpacking libpsl-dev:amd64 (0.21.2-1.1build2)…
Selecting previously unselected package libunbound8:amd64.
Preparing to unpack …/10-libunbound8_1.24.2-1ubuntu2.3_amd64.deb…
Unpacking libunbound8:amd64 (1.24.2-1ubuntu2.3)…
Selecting previously unselected package libgnutls-dane0t64:amd64.
Preparing to unpack …/11-libgnutls-dane0t64_3.8.12-2ubuntu1.1_amd64.deb…
Unpacking libgnutls-dane0t64:amd64 (3.8.12-2ubuntu1.1)…
Selecting previously unselected package libgnutls-openssl27t64:amd64.
Preparing to unpack …/12-libgnutls-openssl27t64_3.8.12-2ubuntu1.1_amd64.deb…
Unpacking libgnutls-openssl27t64:amd64 (3.8.12-2ubuntu1.1)…
Selecting previously unselected package libp11-kit-dev:amd64.
Preparing to unpack …/13-libp11-kit-dev_0.26.2-2_amd64.deb…
Unpacking libp11-kit-dev:amd64 (0.26.2-2)…
Selecting previously unselected package libtasn1-6-dev:amd64.
Preparing to unpack …/14-libtasn1-6-dev_4.21.0-2_amd64.deb…
Unpacking libtasn1-6-dev:amd64 (4.21.0-2)…
Selecting previously unselected package nettle-dev:amd64.
Preparing to unpack …/15-nettle-dev_3.10.2-1_amd64.deb…
Unpacking nettle-dev:amd64 (3.10.2-1)…
Selecting previously unselected package libgnutls28-dev:amd64.
Preparing to unpack …/16-libgnutls28-dev_3.8.12-2ubuntu1.1_amd64.deb…
Unpacking libgnutls28-dev:amd64 (3.8.12-2ubuntu1.1)…
Selecting previously unselected package librtmp-dev:amd64.
Preparing to unpack …/17-librtmp-dev_2.4+20151223.gitfa8646d.1-3_amd64.deb…
Unpacking librtmp-dev:amd64 (2.4+20151223.gitfa8646d.1-3)…
Selecting previously unselected package libssh2-1-dev:amd64.
Preparing to unpack …/18-libssh2-1-dev_1.11.1-1ubuntu0.26.04.4_amd64.deb…
Unpacking libssh2-1-dev:amd64 (1.11.1-1ubuntu0.26.04.4)…
Selecting previously unselected package libcurl4-openssl-dev:amd64.
Preparing to unpack …/19-libcurl4-openssl-dev_8.18.0-1ubuntu2.7_amd64.deb…
Unpacking libcurl4-openssl-dev:amd64 (8.18.0-1ubuntu2.7)…
Selecting previously unselected package libtasn1-doc.
Preparing to unpack …/20-libtasn1-doc_4.21.0-2_all.deb…
Unpacking libtasn1-doc (4.21.0-2)…
Setting up libgnutls-openssl27t64:amd64 (3.8.12-2ubuntu1.1)…
Setting up libnghttp2-dev:amd64 (1.68.0-2ubuntu0.2)…
Setting up nettle-dev:amd64 (3.10.2-1)…
Setting up libtasn1-doc (4.21.0-2)…
Setting up libpsl-dev:amd64 (0.21.2-1.1build2)…
Setting up libunbound8:amd64 (1.24.2-1ubuntu2.3)…
Setting up libgnutls-dane0t64:amd64 (3.8.12-2ubuntu1.1)…
Setting up libgssrpc4t64:amd64 (1.22.1-2ubuntu4.1)…
Setting up comerr-dev:amd64 (2.1-1.47.2-3ubuntu4)…
Setting up libssh2-1-dev:amd64 (1.11.1-1ubuntu0.26.04.4)…
Setting up libidn2-dev:amd64 (2.3.8-4build1)…
Setting up libtasn1-6-dev:amd64 (4.21.0-2)…
Setting up libp11-kit-dev:amd64 (0.26.2-2)…
Setting up libkadm5clnt-mit12:amd64 (1.22.1-2ubuntu4.1)…
Setting up libgnutls28-dev:amd64 (3.8.12-2ubuntu1.1)…
Setting up libkdb5-10t64:amd64 (1.22.1-2ubuntu4.1)…
Setting up librtmp-dev:amd64 (2.4+20151223.gitfa8646d.1-3)…
Setting up libkadm5srv-mit12:amd64 (1.22.1-2ubuntu4.1)…
Setting up krb5-multidev:amd64 (1.22.1-2ubuntu4.1)…
Setting up libkrb5-dev:amd64 (1.22.1-2ubuntu4.1)…
Setting up libcurl4-openssl-dev:amd64 (8.18.0-1ubuntu2.7)…
Processing triggers for libc-bin (2.43-2ubuntu2.4)…
Processing triggers for man-db (2.13.1-1build1)…
Processing triggers for install-info (7.2-5ubuntu2)…

WARNING: apt does not have a stable CLI interface. Use with caution in scripts.

Reading package lists...
Building dependency tree...
Reading state information...
Package libcurl4-nss-dev is not available, but is referred to by another package.
This may mean that the package is missing, has been obsoleted, or
is only available from another source

Error: Package 'libcurl4-nss-dev' has no installation candidate

WARNING: apt does not have a stable CLI interface. Use with caution in scripts.

Reading package lists...
Building dependency tree...
Reading state information...
curl is already the newest version (8.18.0-1ubuntu2.7).
Solving dependencies...
Installing:
  libcurl4-gnutls-dev

Suggested packages:
  libcurl4-doc  libidn-dev

REMOVING:
  libcurl4-openssl-dev

Summary:
  Upgrading: 0, Installing: 1, Removing: 1, Not Upgrading: 16
  Download size: 536 kB
  Freed space: 34.8 kB

Get:1 http://archive.ubuntu.com/ubuntu resolute-updates/main amd64 libcurl4-gnutls-dev amd64 8.18.0-1ubuntu2.7 [536 kB]
Fetched 536 kB in 3s (198 kB/s)
(Reading database… 
(Reading database… 5%
(Reading database… 10%
(Reading database… 15%
(Reading database… 20%
(Reading database… 25%
(Reading database… 30%
(Reading database… 35%
(Reading database… 40%
(Reading database… 45%
(Reading database… 50%
(Reading database… 55%
(Reading database… 60%
(Reading database… 65%
(Reading database… 70%
(Reading database… 75%
(Reading database… 80%
(Reading database… 85%
(Reading database… 90%
(Reading database… 95%
(Reading database… 100%
(Reading database… 85162 files and directories currently installed.)
Removing libcurl4-openssl-dev:amd64 (8.18.0-1ubuntu2.7)…
Selecting previously unselected package libcurl4-gnutls-dev:amd64.
(Reading database… 
(Reading database… 5%
(Reading database… 10%
(Reading database… 15%
(Reading database… 20%
(Reading database… 25%
(Reading database… 30%
(Reading database… 35%
(Reading database… 40%
(Reading database… 45%
(Reading database… 50%
(Reading database… 55%
(Reading database… 60%
(Reading database… 65%
(Reading database… 70%
(Reading database… 75%
(Reading database… 80%
(Reading database… 85%
(Reading database… 90%
(Reading database… 95%
(Reading database… 100%
(Reading database… 85142 files and directories currently installed.)
Preparing to unpack …/libcurl4-gnutls-dev_8.18.0-1ubuntu2.7_amd64.deb…
Unpacking libcurl4-gnutls-dev:amd64 (8.18.0-1ubuntu2.7)…
Setting up libcurl4-gnutls-dev:amd64 (8.18.0-1ubuntu2.7)…
Processing triggers for man-db (2.13.1-1build1)…

WARNING: apt does not have a stable CLI interface. Use with caution in scripts.

Reading package lists...
Building dependency tree...
Reading state information...
Solving dependencies...
Installing:
  bison  flex  graphviz  re2c

Installing dependencies:
  fonts-liberation              libfl-dev  libgvplugin-gd8     libpathplan4
  fonts-liberation-sans-narrow  libfl2     libgvplugin-pango8  libxdot4
  libcdt6                       libgd3     libgvpr2
  libcgraph8                    libgvc7    libimagequant0

Suggested packages:
  bison-doc  flex-doc  gsfonts  graphviz-doc  libgd-tools

Summary:
  Upgrading: 0, Installing: 18, Removing: 0, Not Upgrading: 16
  Download size: 5,058 kB
  Space needed: 29.5 MB / 1,021 GB available

Get:1 http://archive.ubuntu.com/ubuntu resolute/main amd64 flex amd64 2.6.4-8.2build2 [300 kB]
Get:2 http://archive.ubuntu.com/ubuntu resolute-updates/main amd64 bison amd64 2:3.8.2+dfsg-1ubuntu0.26.04.1 [748 kB]
Get:3 http://archive.ubuntu.com/ubuntu resolute/main amd64 fonts-liberation all 1:2.1.5-3build1 [1,605 kB]
Get:4 http://archive.ubuntu.com/ubuntu resolute/main amd64 fonts-liberation-sans-narrow all 1:1.07.6-4build1 [196 kB]
Get:5 http://archive.ubuntu.com/ubuntu resolute/universe amd64 libcdt6 amd64 14.1.2-1ubuntu1 [20.1 kB]
Get:6 http://archive.ubuntu.com/ubuntu resolute/universe amd64 libcgraph8 amd64 14.1.2-1ubuntu1 [55.3 kB]
Get:7 http://archive.ubuntu.com/ubuntu resolute/universe amd64 libpathplan4 amd64 14.1.2-1ubuntu1 [26.3 kB]
Get:8 http://archive.ubuntu.com/ubuntu resolute/universe amd64 libxdot4 amd64 14.1.2-1ubuntu1 [23.5 kB]
Get:9 http://archive.ubuntu.com/ubuntu resolute/universe amd64 libgvc7 amd64 14.1.2-1ubuntu1 [397 kB]
Get:10 http://archive.ubuntu.com/ubuntu resolute/universe amd64 libgvpr2 amd64 14.1.2-1ubuntu1 [127 kB]
Get:11 http://archive.ubuntu.com/ubuntu resolute/main amd64 libimagequant0 amd64 4.4.1-1 [264 kB]
Get:12 http://archive.ubuntu.com/ubuntu resolute/main amd64 libgd3 amd64 2.3.3-13ubuntu2 [130 kB]
Get:13 http://archive.ubuntu.com/ubuntu resolute/universe amd64 libgvplugin-gd8 amd64 14.1.2-1ubuntu1 [26.4 kB]
Get:14 http://archive.ubuntu.com/ubuntu resolute/universe amd64 libgvplugin-pango8 amd64 14.1.2-1ubuntu1 [24.6 kB]
Get:15 http://archive.ubuntu.com/ubuntu resolute/universe amd64 graphviz amd64 14.1.2-1ubuntu1 [58.5 kB]
Get:16 http://archive.ubuntu.com/ubuntu resolute/main amd64 libfl2 amd64 2.6.4-8.2build2 [9,936 B]
Get:17 http://archive.ubuntu.com/ubuntu resolute/main amd64 libfl-dev amd64 2.6.4-8.2build2 [6,246 B]
Get:18 http://archive.ubuntu.com/ubuntu resolute/main amd64 re2c amd64 4.4-1 [1,040 kB]
Fetched 5,058 kB in 4s (1,141 kB/s)
Selecting previously unselected package flex.
(Reading database… 
(Reading database… 5%
(Reading database… 10%
(Reading database… 15%
(Reading database… 20%
(Reading database… 25%
(Reading database… 30%
(Reading database… 35%
(Reading database… 40%
(Reading database… 45%
(Reading database… 50%
(Reading database… 55%
(Reading database… 60%
(Reading database… 65%
(Reading database… 70%
(Reading database… 75%
(Reading database… 80%
(Reading database… 85%
(Reading database… 90%
(Reading database… 95%
(Reading database… 100%
(Reading database… 85166 files and directories currently installed.)
Preparing to unpack …/00-flex_2.6.4-8.2build2_amd64.deb…
Unpacking flex (2.6.4-8.2build2)…
Selecting previously unselected package bison.
Preparing to unpack …/01-bison_2%3a3.8.2+dfsg-1ubuntu0.26.04.1_amd64.deb…
Unpacking bison (2:3.8.2+dfsg-1ubuntu0.26.04.1)…
Selecting previously unselected package fonts-liberation.
Preparing to unpack …/02-fonts-liberation_1%3a2.1.5-3build1_all.deb…
Unpacking fonts-liberation (1:2.1.5-3build1)…
Selecting previously unselected package fonts-liberation-sans-narrow.
Preparing to unpack …/03-fonts-liberation-sans-narrow_1%3a1.07.6-4build1_all.deb…
Unpacking fonts-liberation-sans-narrow (1:1.07.6-4build1)…
Selecting previously unselected package libcdt6:amd64.
Preparing to unpack …/04-libcdt6_14.1.2-1ubuntu1_amd64.deb…
Unpacking libcdt6:amd64 (14.1.2-1ubuntu1)…
Selecting previously unselected package libcgraph8:amd64.
Preparing to unpack …/05-libcgraph8_14.1.2-1ubuntu1_amd64.deb…
Unpacking libcgraph8:amd64 (14.1.2-1ubuntu1)…
Selecting previously unselected package libpathplan4:amd64.
Preparing to unpack …/06-libpathplan4_14.1.2-1ubuntu1_amd64.deb…
Unpacking libpathplan4:amd64 (14.1.2-1ubuntu1)…
Selecting previously unselected package libxdot4:amd64.
Preparing to unpack …/07-libxdot4_14.1.2-1ubuntu1_amd64.deb…
Unpacking libxdot4:amd64 (14.1.2-1ubuntu1)…
Selecting previously unselected package libgvc7:amd64.
Preparing to unpack …/08-libgvc7_14.1.2-1ubuntu1_amd64.deb…
Unpacking libgvc7:amd64 (14.1.2-1ubuntu1)…
Selecting previously unselected package libgvpr2:amd64.
Preparing to unpack …/09-libgvpr2_14.1.2-1ubuntu1_amd64.deb…
Unpacking libgvpr2:amd64 (14.1.2-1ubuntu1)…
Selecting previously unselected package libimagequant0:amd64.
Preparing to unpack …/10-libimagequant0_4.4.1-1_amd64.deb…
Unpacking libimagequant0:amd64 (4.4.1-1)…
Selecting previously unselected package libgd3:amd64.
Preparing to unpack …/11-libgd3_2.3.3-13ubuntu2_amd64.deb…
Unpacking libgd3:amd64 (2.3.3-13ubuntu2)…
Selecting previously unselected package libgvplugin-gd8:amd64.
Preparing to unpack …/12-libgvplugin-gd8_14.1.2-1ubuntu1_amd64.deb…
Unpacking libgvplugin-gd8:amd64 (14.1.2-1ubuntu1)…
Selecting previously unselected package libgvplugin-pango8:amd64.
Preparing to unpack …/13-libgvplugin-pango8_14.1.2-1ubuntu1_amd64.deb…
Unpacking libgvplugin-pango8:amd64 (14.1.2-1ubuntu1)…
Selecting previously unselected package graphviz.
Preparing to unpack …/14-graphviz_14.1.2-1ubuntu1_amd64.deb…
Unpacking graphviz (14.1.2-1ubuntu1)…
Selecting previously unselected package libfl2:amd64.
Preparing to unpack …/15-libfl2_2.6.4-8.2build2_amd64.deb…
Unpacking libfl2:amd64 (2.6.4-8.2build2)…
Selecting previously unselected package libfl-dev:amd64.
Preparing to unpack …/16-libfl-dev_2.6.4-8.2build2_amd64.deb…
Unpacking libfl-dev:amd64 (2.6.4-8.2build2)…
Selecting previously unselected package re2c.
Preparing to unpack …/17-re2c_4.4-1_amd64.deb…
Unpacking re2c (4.4-1)…
Setting up libxdot4:amd64 (14.1.2-1ubuntu1)…
Setting up libcdt6:amd64 (14.1.2-1ubuntu1)…
Setting up flex (2.6.4-8.2build2)…
Setting up libpathplan4:amd64 (14.1.2-1ubuntu1)…
Setting up libimagequant0:amd64 (4.4.1-1)…
Setting up libgd3:amd64 (2.3.3-13ubuntu2)…
Setting up libfl2:amd64 (2.6.4-8.2build2)…
Setting up libcgraph8:amd64 (14.1.2-1ubuntu1)…
Setting up libgvpr2:amd64 (14.1.2-1ubuntu1)…
Setting up fonts-liberation (1:2.1.5-3build1)…
Setting up bison (2:3.8.2+dfsg-1ubuntu0.26.04.1)…
update-alternatives: using /usr/bin/bison.yacc to provide /usr/bin/yacc (yacc) in auto mode
Setting up re2c (4.4-1)…
Setting up fonts-liberation-sans-narrow (1:1.07.6-4build1)…
Setting up libfl-dev:amd64 (2.6.4-8.2build2)…
Setting up libgvc7:amd64 (14.1.2-1ubuntu1)…
Setting up libgvplugin-pango8:amd64 (14.1.2-1ubuntu1)…
Setting up libgvplugin-gd8:amd64 (14.1.2-1ubuntu1)…
Setting up graphviz (14.1.2-1ubuntu1)…
Processing triggers for libc-bin (2.43-2ubuntu2.4)…
Processing triggers for man-db (2.13.1-1build1)…
Processing triggers for install-info (7.2-5ubuntu2)…
Processing triggers for fontconfig (2.17.1-3ubuntu1)…

WARNING: apt does not have a stable CLI interface. Use with caution in scripts.

Reading package lists...
Building dependency tree...
Reading state information...
Solving dependencies...
Installing:
  libsqlite3-dev

Suggested packages:
  sqlite3-doc

Summary:
  Upgrading: 0, Installing: 1, Removing: 0, Not Upgrading: 16
  Download size: 932 kB
  Space needed: 3,472 kB / 1,021 GB available

Get:1 http://archive.ubuntu.com/ubuntu resolute-updates/main amd64 libsqlite3-dev amd64 3.46.1-9ubuntu0.3 [932 kB]
Fetched 932 kB in 3s (348 kB/s)
Selecting previously unselected package libsqlite3-dev:amd64.
(Reading database… 
(Reading database… 5%
(Reading database… 10%
(Reading database… 15%
(Reading database… 20%
(Reading database… 25%
(Reading database… 30%
(Reading database… 35%
(Reading database… 40%
(Reading database… 45%
(Reading database… 50%
(Reading database… 55%
(Reading database… 60%
(Reading database… 65%
(Reading database… 70%
(Reading database… 75%
(Reading database… 80%
(Reading database… 85%
(Reading database… 90%
(Reading database… 95%
(Reading database… 100%
(Reading database… 86241 files and directories currently installed.)
Preparing to unpack …/libsqlite3-dev_3.46.1-9ubuntu0.3_amd64.deb…
Unpacking libsqlite3-dev:amd64 (3.46.1-9ubuntu0.3)…
Setting up libsqlite3-dev:amd64 (3.46.1-9ubuntu0.3)…

WARNING: apt does not have a stable CLI interface. Use with caution in scripts.

Reading package lists...
Building dependency tree...
Reading state information...
Solving dependencies...
Installing:
  libonig-dev

Installing dependencies:
  libonig5

Summary:
  Upgrading: 0, Installing: 2, Removing: 0, Not Upgrading: 16
  Download size: 233 kB
  Space needed: 872 kB / 1,021 GB available

Get:1 http://archive.ubuntu.com/ubuntu resolute/main amd64 libonig5 amd64 6.9.10-1build1 [174 kB]
Get:2 http://archive.ubuntu.com/ubuntu resolute/main amd64 libonig-dev amd64 6.9.10-1build1 [58.6 kB]
Fetched 233 kB in 2s (101 kB/s)
Selecting previously unselected package libonig5:amd64.
(Reading database… 
(Reading database… 5%
(Reading database… 10%
(Reading database… 15%
(Reading database… 20%
(Reading database… 25%
(Reading database… 30%
(Reading database… 35%
(Reading database… 40%
(Reading database… 45%
(Reading database… 50%
(Reading database… 55%
(Reading database… 60%
(Reading database… 65%
(Reading database… 70%
(Reading database… 75%
(Reading database… 80%
(Reading database… 85%
(Reading database… 90%
(Reading database… 95%
(Reading database… 100%
(Reading database… 86249 files and directories currently installed.)
Preparing to unpack …/libonig5_6.9.10-1build1_amd64.deb…
Unpacking libonig5:amd64 (6.9.10-1build1)…
Selecting previously unselected package libonig-dev.
Preparing to unpack …/libonig-dev_6.9.10-1build1_amd64.deb…
Unpacking libonig-dev (6.9.10-1build1)…
Setting up libonig5:amd64 (6.9.10-1build1)…
Setting up libonig-dev (6.9.10-1build1)…
Processing triggers for libc-bin (2.43-2ubuntu2.4)…

WARNING: apt does not have a stable CLI interface. Use with caution in scripts.

Reading package lists...
Building dependency tree...
Reading state information...
perl is already the newest version (5.40.1-7ubuntu0.3).
perl set to manually installed.
g++ is already the newest version (4:15.2.0-5ubuntu1).
g++ set to manually installed.
libtool is already the newest version (2.5.4-9).
libtool set to manually installed.
Solving dependencies...
Summary:
  Upgrading: 0, Installing: 0, Removing: 0, Not Upgrading: 16

WARNING: apt does not have a stable CLI interface. Use with caution in scripts.

Reading package lists...
Building dependency tree...
Reading state information...
Solving dependencies...
Installing:
  libxslt1-dev

Summary:
  Upgrading: 0, Installing: 1, Removing: 0, Not Upgrading: 16
  Download size: 89.7 kB
  Space needed: 828 kB / 1,021 GB available

Get:1 http://archive.ubuntu.com/ubuntu resolute/main amd64 libxslt1-dev amd64 1.1.45-0.1 [89.7 kB]
Fetched 89.7 kB in 1s (61.3 kB/s)
Selecting previously unselected package libxslt1-dev:amd64.
(Reading database… 
(Reading database… 5%
(Reading database… 10%
(Reading database… 15%
(Reading database… 20%
(Reading database… 25%
(Reading database… 30%
(Reading database… 35%
(Reading database… 40%
(Reading database… 45%
(Reading database… 50%
(Reading database… 55%
(Reading database… 60%
(Reading database… 65%
(Reading database… 70%
(Reading database… 75%
(Reading database… 80%
(Reading database… 85%
(Reading database… 90%
(Reading database… 95%
(Reading database… 100%
(Reading database… 86290 files and directories currently installed.)
Preparing to unpack …/libxslt1-dev_1.1.45-0.1_amd64.deb…
Unpacking libxslt1-dev:amd64 (1.1.45-0.1)…
Setting up libxslt1-dev:amd64 (1.1.45-0.1)…
Processing triggers for man-db (2.13.1-1build1)…

WARNING: apt does not have a stable CLI interface. Use with caution in scripts.

Reading package lists...
Building dependency tree...
Reading state information...
Solving dependencies...
Installing:
  libmariadb-dev

Installing dependencies:
  libmariadb3  mariadb-common  mysql-common

Summary:
  Upgrading: 0, Installing: 4, Removing: 0, Not Upgrading: 16
  Download size: 496 kB
  Space needed: 1,748 kB / 1,021 GB available

Get:1 http://archive.ubuntu.com/ubuntu resolute/main amd64 mysql-common all 5.8+1.1.1ubuntu2 [7,002 B]
Get:2 http://archive.ubuntu.com/ubuntu resolute-updates/main amd64 mariadb-common all 1:11.8.6-5ubuntu0.1 [23.9 kB]
Get:3 http://archive.ubuntu.com/ubuntu resolute-updates/main amd64 libmariadb3 amd64 1:11.8.6-5ubuntu0.1 [192 kB]
Get:4 http://archive.ubuntu.com/ubuntu resolute-updates/main amd64 libmariadb-dev amd64 1:11.8.6-5ubuntu0.1 [274 kB]
Fetched 496 kB in 2s (205 kB/s)
Selecting previously unselected package mysql-common.
(Reading database… 
(Reading database… 5%
(Reading database… 10%
(Reading database… 15%
(Reading database… 20%
(Reading database… 25%
(Reading database… 30%
(Reading database… 35%
(Reading database… 40%
(Reading database… 45%
(Reading database… 50%
(Reading database… 55%
(Reading database… 60%
(Reading database… 65%
(Reading database… 70%
(Reading database… 75%
(Reading database… 80%
(Reading database… 85%
(Reading database… 90%
(Reading database… 95%
(Reading database… 100%
(Reading database… 86398 files and directories currently installed.)
Preparing to unpack …/mysql-common_5.8+1.1.1ubuntu2_all.deb…
Unpacking mysql-common (5.8+1.1.1ubuntu2)…
Selecting previously unselected package mariadb-common.
Preparing to unpack …/mariadb-common_1%3a11.8.6-5ubuntu0.1_all.deb…
Unpacking mariadb-common (1:11.8.6-5ubuntu0.1)…
Selecting previously unselected package libmariadb3:amd64.
Preparing to unpack …/libmariadb3_1%3a11.8.6-5ubuntu0.1_amd64.deb…
Unpacking libmariadb3:amd64 (1:11.8.6-5ubuntu0.1)…
Selecting previously unselected package libmariadb-dev.
Preparing to unpack …/libmariadb-dev_1%3a11.8.6-5ubuntu0.1_amd64.deb…
Unpacking libmariadb-dev (1:11.8.6-5ubuntu0.1)…
Setting up mysql-common (5.8+1.1.1ubuntu2)…
update-alternatives: using /etc/mysql/my.cnf.fallback to provide /etc/mysql/my.cnf (my.cnf) in auto mode
Setting up mariadb-common (1:11.8.6-5ubuntu0.1)…
update-alternatives: using /etc/mysql/mariadb.cnf to provide /etc/mysql/my.cnf (my.cnf) in auto mode
Setting up libmariadb3:amd64 (1:11.8.6-5ubuntu0.1)…
Setting up libmariadb-dev (1:11.8.6-5ubuntu0.1)…
Processing triggers for man-db (2.13.1-1build1)…
Processing triggers for libc-bin (2.43-2ubuntu2.4)…

WARNING: apt does not have a stable CLI interface. Use with caution in scripts.

Reading package lists...
Building dependency tree...
Reading state information...
Solving dependencies...
Installing:
  libmariadb-dev-compat

Summary:
  Upgrading: 0, Installing: 1, Removing: 0, Not Upgrading: 16
  Download size: 10.4 kB
  Space needed: 67.6 kB / 1,021 GB available

Get:1 http://archive.ubuntu.com/ubuntu resolute-updates/universe amd64 libmariadb-dev-compat amd64 1:11.8.6-5ubuntu0.1 [10.4 kB]
Fetched 10.4 kB in 1s (16.6 kB/s)
Selecting previously unselected package libmariadb-dev-compat.
(Reading database… 
(Reading database… 5%
(Reading database… 10%
(Reading database… 15%
(Reading database… 20%
(Reading database… 25%
(Reading database… 30%
(Reading database… 35%
(Reading database… 40%
(Reading database… 45%
(Reading database… 50%
(Reading database… 55%
(Reading database… 60%
(Reading database… 65%
(Reading database… 70%
(Reading database… 75%
(Reading database… 80%
(Reading database… 85%
(Reading database… 90%
(Reading database… 95%
(Reading database… 100%
(Reading database… 86593 files and directories currently installed.)
Preparing to unpack …/libmariadb-dev-compat_1%3a11.8.6-5ubuntu0.1_amd64.deb…
Unpacking libmariadb-dev-compat (1:11.8.6-5ubuntu0.1)…
Setting up libmariadb-dev-compat (1:11.8.6-5ubuntu0.1)…

WARNING: apt does not have a stable CLI interface. Use with caution in scripts.

Reading package lists...
Building dependency tree...
Reading state information...
Solving dependencies...
Installing:
  patchelf

Summary:
  Upgrading: 0, Installing: 1, Removing: 0, Not Upgrading: 16
  Download size: 106 kB
  Space needed: 284 kB / 1,021 GB available

Get:1 http://archive.ubuntu.com/ubuntu resolute/universe amd64 patchelf amd64 0.18.0-1.4build1 [106 kB]
Fetched 106 kB in 2s (69.6 kB/s)
Selecting previously unselected package patchelf.
(Reading database… 
(Reading database… 5%
(Reading database… 10%
(Reading database… 15%
(Reading database… 20%
(Reading database… 25%
(Reading database… 30%
(Reading database… 35%
(Reading database… 40%
(Reading database… 45%
(Reading database… 50%
(Reading database… 55%
(Reading database… 60%
(Reading database… 65%
(Reading database… 70%
(Reading database… 75%
(Reading database… 80%
(Reading database… 85%
(Reading database… 90%
(Reading database… 95%
(Reading database… 100%
(Reading database… 86603 files and directories currently installed.)
Preparing to unpack …/patchelf_0.18.0-1.4build1_amd64.deb…
Unpacking patchelf (0.18.0-1.4build1)…
Setting up patchelf (0.18.0-1.4build1)…
Processing triggers for man-db (2.13.1-1build1)…
python:3.14.4
ubuntu lib
system:ubuntu:26.04
local:cn
pypi source:https://pypi.tuna.tsinghua.edu.cn/simple
python3 > 3.11
Looking in indexes: https://pypi.tuna.tsinghua.edu.cn/simple
Requirement already satisfied: pip in ./lib/python3.14/site-packages (25.1.1)
Collecting pip
  Downloading https://pypi.tuna.tsinghua.edu.cn/packages/f3/6e/1736e5b4ae2b778ef2f81c47d797de9f891d4d8acb047a24ca37a60294dd/pip-26.2.1-py3-none-any.whl (1.8 MB)
     ━━━━━━━━━━━━━━━━━━━━━━━━━━━━━━━━━━━━━━━━ 1.8/1.8 MB 2.6 MB/s eta 0:00:00
Installing collected packages: pip
  Attempting uninstall: pip
    Found existing installation: pip 25.1.1
    Uninstalling pip-25.1.1:
      Successfully uninstalled pip-25.1.1
Successfully installed pip-26.2.1
Looking in indexes: https://pypi.tuna.tsinghua.edu.cn/simple
Collecting setuptools
  Downloading setuptools-84.0.0-py3-none-any.whl (818 kB)
     ━━━━━━━━━━━━━━━━━━━━━━━━━━━━━━━━━━━━━━━━ 818.2/818.2 kB 1.9 MB/s  0:00:00
Installing collected packages: setuptools
Successfully installed setuptools-84.0.0
Requirement already satisfied: setuptools>=33.1.1 in ./lib/python3.14/site-packages (from -r /www/server/mdserver-web/requirements.txt (line 1)) (84.0.0)
Collecting Werkzeug>=1.0.1 (from -r /www/server/mdserver-web/requirements.txt (line 2))
  Downloading werkzeug-3.1.9-py3-none-any.whl.metadata (4.1 kB)
Collecting wheel>=0.37.1 (from -r /www/server/mdserver-web/requirements.txt (line 3))
  Downloading wheel-0.48.0-py3-none-any.whl.metadata (2.3 kB)
Collecting gunicorn>=22.0.0 (from -r /www/server/mdserver-web/requirements.txt (line 4))
  Downloading gunicorn-26.2.0-py3-none-any.whl.metadata (5.5 kB)
Collecting requests>=2.27.1 (from -r /www/server/mdserver-web/requirements.txt (line 5))
  Downloading requests-2.34.2-py3-none-any.whl.metadata (4.8 kB)
Collecting urllib3>=1.21.1 (from -r /www/server/mdserver-web/requirements.txt (line 6))
  Downloading urllib3-2.8.0-py3-none-any.whl.metadata (7.4 kB)
Collecting flask>=3.1.3 (from -r /www/server/mdserver-web/requirements.txt (line 7))
  Downloading flask-3.1.3-py3-none-any.whl.metadata (3.2 kB)
Collecting flask-session==0.3.2 (from -r /www/server/mdserver-web/requirements.txt (line 8))
  Downloading Flask_Session-0.3.2-py2.py3-none-any.whl.metadata (924 bytes)
Collecting flask-helper==0.19 (from -r /www/server/mdserver-web/requirements.txt (line 9))
  Downloading Flask-Helper-0.19.tar.gz (6.6 kB)
  Installing build dependencies: started
  Installing build dependencies: finished with status 'done'
  Getting requirements to build wheel: started
  Getting requirements to build wheel: finished with status 'done'
  Preparing metadata (pyproject.toml): started
  Preparing metadata (pyproject.toml): finished with status 'done'
Collecting flask-bcrypt==1.0.1 (from -r /www/server/mdserver-web/requirements.txt (line 10))
  Downloading Flask_Bcrypt-1.0.1-py3-none-any.whl.metadata (2.6 kB)
Collecting flask-caching>=1.10.1 (from -r /www/server/mdserver-web/requirements.txt (line 11))
  Downloading flask_caching-2.5.1-py3-none-any.whl.metadata (2.0 kB)
Collecting cache==1.0.3 (from -r /www/server/mdserver-web/requirements.txt (line 12))
  Downloading cache-1.0.3.tar.gz (2.7 kB)
  Installing build dependencies: started
  Installing build dependencies: finished with status 'done'
  Getting requirements to build wheel: started
  Getting requirements to build wheel: finished with status 'done'
  Preparing metadata (pyproject.toml): started
  Preparing metadata (pyproject.toml): finished with status 'done'
Collecting gevent>=23.9.0 (from -r /www/server/mdserver-web/requirements.txt (line 13))
  Downloading gevent-26.9.0-cp314-cp314-manylinux_2_28_x86_64.whl.metadata (14 kB)
Collecting gevent-websocket==0.10.1 (from -r /www/server/mdserver-web/requirements.txt (line 14))
  Downloading gevent_websocket-0.10.1-py3-none-any.whl.metadata (5.3 kB)
Collecting psutil==5.9.1 (from -r /www/server/mdserver-web/requirements.txt (line 15))
  Downloading psutil-5.9.1.tar.gz (479 kB)
  Installing build dependencies: started
  Installing build dependencies: finished with status 'done'
  Getting requirements to build wheel: started
  Getting requirements to build wheel: finished with status 'done'
  Preparing metadata (pyproject.toml): started
  Preparing metadata (pyproject.toml): finished with status 'done'
Collecting chardet==3.0.4 (from -r /www/server/mdserver-web/requirements.txt (line 16))
  Downloading chardet-3.0.4-py2.py3-none-any.whl.metadata (3.2 kB)
Collecting SQLAlchemy>=1.4.54 (from -r /www/server/mdserver-web/requirements.txt (line 17))
  Downloading sqlalchemy-2.1.4-cp314-cp314-manylinux2014_x86_64.manylinux_2_17_x86_64.manylinux_2_28_x86_64.whl.metadata (9.7 kB)
Collecting Flask-SQLAlchemy>=2.5.1 (from -r /www/server/mdserver-web/requirements.txt (line 18))
  Downloading flask_sqlalchemy-3.1.1-py3-none-any.whl.metadata (3.4 kB)
Collecting pyOpenSSL>=26.0.0 (from -r /www/server/mdserver-web/requirements.txt (line 22))
  Downloading pyopenssl-26.4.0-py3-none-any.whl.metadata (22 kB)
Collecting cryptography>=48.0.1 (from -r /www/server/mdserver-web/requirements.txt (line 23))
  Downloading cryptography-50.0.2-cp311-abi3-manylinux_2_34_x86_64.whl.metadata (4.4 kB)
Collecting configparser==5.2.0 (from -r /www/server/mdserver-web/requirements.txt (line 24))
  Downloading configparser-5.2.0-py3-none-any.whl.metadata (11 kB)
Collecting python-engineio>=4.13.2 (from -r /www/server/mdserver-web/requirements.txt (line 25))
  Downloading python_engineio-4.14.0-py3-none-any.whl.metadata (2.5 kB)
Collecting python-socketio>=4.2.0 (from -r /www/server/mdserver-web/requirements.txt (line 26))
  Downloading python_socketio-5.17.0-py3-none-any.whl.metadata (3.6 kB)
Collecting flask-socketio>=5.2.0 (from -r /www/server/mdserver-web/requirements.txt (line 27))
  Downloading flask_socketio-5.6.1-py3-none-any.whl.metadata (2.6 kB)
Collecting flask-sockets>=0.2.1 (from -r /www/server/mdserver-web/requirements.txt (line 28))
  Downloading Flask_Sockets-0.2.1-py2.py3-none-any.whl.metadata (762 bytes)
Collecting zmq==0.0.0 (from -r /www/server/mdserver-web/requirements.txt (line 29))
  Downloading zmq-0.0.0.zip (2.2 kB)
  Installing build dependencies: started
  Installing build dependencies: finished with status 'done'
  Getting requirements to build wheel: started
  Getting requirements to build wheel: finished with status 'done'
  Preparing metadata (pyproject.toml): started
  Preparing metadata (pyproject.toml): finished with status 'done'
Collecting paramiko>=2.8.0 (from -r /www/server/mdserver-web/requirements.txt (line 30))
  Downloading paramiko-5.0.0-py3-none-any.whl.metadata (3.7 kB)
Collecting pymongo (from -r /www/server/mdserver-web/requirements.txt (line 31))
  Downloading pymongo-4.18.2-cp314-cp314-manylinux2014_x86_64.manylinux_2_17_x86_64.manylinux_2_28_x86_64.whl.metadata (10 kB)
Collecting pymemcache (from -r /www/server/mdserver-web/requirements.txt (line 32))
  Downloading pymemcache-4.0.0-py2.py3-none-any.whl.metadata (14 kB)
Collecting redis (from -r /www/server/mdserver-web/requirements.txt (line 33))
  Downloading redis-8.1.0-py3-none-any.whl.metadata (16 kB)
Collecting pillow (from -r /www/server/mdserver-web/requirements.txt (line 34))
  Downloading pillow-12.3.0-cp314-cp314-manylinux_2_27_x86_64.manylinux_2_28_x86_64.whl.metadata (9.1 kB)
Collecting Jinja2>=2.11.2 (from -r /www/server/mdserver-web/requirements.txt (line 35))
  Downloading jinja2-3.1.6-py3-none-any.whl.metadata (2.9 kB)
Collecting PyMySQL>=1.0.2 (from -r /www/server/mdserver-web/requirements.txt (line 36))
  Downloading pymysql-1.2.3-py3-none-any.whl.metadata (4.2 kB)
Collecting whitenoise>5.3.0 (from -r /www/server/mdserver-web/requirements.txt (line 37))
  Downloading whitenoise-6.12.0-py3-none-any.whl.metadata (3.7 kB)
Collecting tldextract (from -r /www/server/mdserver-web/requirements.txt (line 38))
  Downloading tldextract-5.4.0-py3-none-any.whl.metadata (9.2 kB)
Collecting pyotp (from -r /www/server/mdserver-web/requirements.txt (line 39))
  Downloading pyotp-2.10.0-py3-none-any.whl.metadata (10 kB)
Collecting pytz (from -r /www/server/mdserver-web/requirements.txt (line 40))
  Downloading pytz-2026.5-py2.py3-none-any.whl.metadata (22 kB)
Collecting supervisor (from -r /www/server/mdserver-web/requirements.txt (line 41))
  Downloading supervisor-4.3.0-py2.py3-none-any.whl.metadata (87 kB)
Collecting pyTelegramBotAPI (from -r /www/server/mdserver-web/requirements.txt (line 42))
  Downloading pytelegrambotapi-4.37.0-py3-none-any.whl.metadata (48 kB)
Collecting telebot (from -r /www/server/mdserver-web/requirements.txt (line 43))
  Downloading telebot-0.0.5-py3-none-any.whl.metadata (2.0 kB)
Collecting pyyaml (from -r /www/server/mdserver-web/requirements.txt (line 44))
  Downloading pyyaml-6.0.3-cp314-cp314-manylinux2014_x86_64.manylinux_2_17_x86_64.manylinux_2_28_x86_64.whl.metadata (2.4 kB)
Collecting croniter (from -r /www/server/mdserver-web/requirements.txt (line 45))
  Downloading croniter-6.2.4-py3-none-any.whl.metadata (23 kB)
Collecting bcrypt (from -r /www/server/mdserver-web/requirements.txt (line 46))
  Downloading bcrypt-5.0.0-cp39-abi3-manylinux_2_34_x86_64.whl.metadata (10 kB)
Collecting packaging (from -r /www/server/mdserver-web/requirements.txt (line 47))
  Downloading packaging-26.3-py3-none-any.whl.metadata (3.5 kB)
Collecting Flask-Compress (from -r /www/server/mdserver-web/requirements.txt (line 48))
  Downloading flask_compress-1.25-py3-none-any.whl.metadata (11 kB)
Collecting brotli (from -r /www/server/mdserver-web/requirements.txt (line 49))
  Downloading brotli-1.2.0-cp314-cp314-manylinux2014_x86_64.manylinux_2_17_x86_64.whl.metadata (6.1 kB)
Collecting zstd (from -r /www/server/mdserver-web/requirements.txt (line 50))
  Downloading zstd-1.5.7.2-cp314-cp314-manylinux_2_14_x86_64.whl.metadata (23 kB)
Collecting zstandard (from -r /www/server/mdserver-web/requirements.txt (line 51))
  Downloading zstandard-0.25.0-cp314-cp314-manylinux2014_x86_64.manylinux_2_17_x86_64.manylinux_2_28_x86_64.whl.metadata (3.3 kB)
Collecting geoip2 (from -r /www/server/mdserver-web/requirements.txt (line 52))
  Downloading geoip2-5.3.0-py3-none-any.whl.metadata (19 kB)
Collecting psycopg2-binary (from -r /www/server/mdserver-web/requirements.txt (line 53))
  Downloading psycopg2_binary-2.9.13-cp314-cp314-manylinux2014_x86_64.manylinux_2_17_x86_64.whl.metadata (4.9 kB)
Collecting docker (from -r /www/server/mdserver-web/requirements.txt (line 54))
  Downloading docker-7.2.0-py3-none-any.whl.metadata (3.8 kB)
Collecting telnetlib3 (from -r /www/server/mdserver-web/requirements.txt (line 55))
  Downloading telnetlib3-5.0.1-py3-none-any.whl.metadata (12 kB)
Collecting cachelib (from flask-session==0.3.2->-r /www/server/mdserver-web/requirements.txt (line 8))
  Downloading cachelib-0.17.0-py3-none-any.whl.metadata (2.9 kB)
Collecting pyzmq (from zmq==0.0.0->-r /www/server/mdserver-web/requirements.txt (line 29))
  Downloading pyzmq-27.2.0-cp312-abi3-manylinux_2_26_x86_64.manylinux_2_28_x86_64.whl.metadata (3.8 kB)
Collecting markupsafe>=2.1.1 (from Werkzeug>=1.0.1->-r /www/server/mdserver-web/requirements.txt (line 2))
  Downloading markupsafe-3.0.4-cp314-cp314-manylinux2014_x86_64.manylinux_2_17_x86_64.manylinux_2_28_x86_64.whl.metadata (2.7 kB)
Collecting charset_normalizer<4,>=2 (from requests>=2.27.1->-r /www/server/mdserver-web/requirements.txt (line 5))
  Downloading charset_normalizer-3.5.2-cp314-cp314-manylinux2014_x86_64.manylinux_2_17_x86_64.manylinux_2_28_x86_64.whl.metadata (46 kB)
Collecting idna<4,>=2.5 (from requests>=2.27.1->-r /www/server/mdserver-web/requirements.txt (line 5))
  Downloading idna-3.20-py3-none-any.whl.metadata (7.2 kB)
Collecting certifi>=2023.5.7 (from requests>=2.27.1->-r /www/server/mdserver-web/requirements.txt (line 5))
  Downloading certifi-2026.7.22-py3-none-any.whl.metadata (2.5 kB)
Collecting blinker>=1.9.0 (from flask>=3.1.3->-r /www/server/mdserver-web/requirements.txt (line 7))
  Downloading blinker-1.9.0-py3-none-any.whl.metadata (1.6 kB)
Collecting click>=8.1.3 (from flask>=3.1.3->-r /www/server/mdserver-web/requirements.txt (line 7))
  Downloading click-8.5.0-py3-none-any.whl.metadata (2.6 kB)
Collecting itsdangerous>=2.2.0 (from flask>=3.1.3->-r /www/server/mdserver-web/requirements.txt (line 7))
  Downloading itsdangerous-2.2.0-py3-none-any.whl.metadata (1.9 kB)
Collecting greenlet>=3.2.2 (from gevent>=23.9.0->-r /www/server/mdserver-web/requirements.txt (line 13))
  Downloading greenlet-3.5.6-cp314-cp314-manylinux_2_24_x86_64.manylinux_2_28_x86_64.whl.metadata (3.8 kB)
Collecting zope.event (from gevent>=23.9.0->-r /www/server/mdserver-web/requirements.txt (line 13))
  Downloading zope_event-6.2-py3-none-any.whl.metadata (5.4 kB)
Collecting zope.interface (from gevent>=23.9.0->-r /www/server/mdserver-web/requirements.txt (line 13))
  Downloading zope_interface-8.6-cp314-cp314-manylinux1_x86_64.manylinux2014_x86_64.manylinux_2_17_x86_64.manylinux_2_5_x86_64.whl.metadata (47 kB)
Collecting typing-extensions>=4.6.0 (from SQLAlchemy>=1.4.54->-r /www/server/mdserver-web/requirements.txt (line 17))
  Downloading typing_extensions-4.16.0-py3-none-any.whl.metadata (3.3 kB)
Collecting cffi>=2.0.0 (from cryptography>=48.0.1->-r /www/server/mdserver-web/requirements.txt (line 23))
  Downloading cffi-2.1.1-cp314-cp314-manylinux2014_x86_64.manylinux_2_17_x86_64.whl.metadata (2.5 kB)
Collecting simple-websocket>=0.10.0 (from python-engineio>=4.13.2->-r /www/server/mdserver-web/requirements.txt (line 25))
  Downloading simple_websocket-1.1.0-py3-none-any.whl.metadata (1.5 kB)
Collecting bidict>=0.21.0 (from python-socketio>=4.2.0->-r /www/server/mdserver-web/requirements.txt (line 26))
  Downloading bidict-0.24.1-py3-none-any.whl.metadata (8.7 kB)
Collecting invoke>=2.0 (from paramiko>=2.8.0->-r /www/server/mdserver-web/requirements.txt (line 30))
  Downloading invoke-3.0.3-py3-none-any.whl.metadata (3.2 kB)
Collecting pynacl>=1.5 (from paramiko>=2.8.0->-r /www/server/mdserver-web/requirements.txt (line 30))
  Downloading pynacl-1.6.2-cp38-abi3-manylinux_2_34_x86_64.whl.metadata (10.0 kB)
Collecting dnspython<3.0.0,>=2.7.0 (from pymongo->-r /www/server/mdserver-web/requirements.txt (line 31))
  Downloading dnspython-2.8.0-py3-none-any.whl.metadata (5.7 kB)
Collecting requests-file>=1.4 (from tldextract->-r /www/server/mdserver-web/requirements.txt (line 38))
  Downloading requests_file-3.0.1-py2.py3-none-any.whl.metadata (1.7 kB)
Collecting filelock>=3.0.8 (from tldextract->-r /www/server/mdserver-web/requirements.txt (line 38))
  Downloading filelock-4.0.12-py3-none-any.whl.metadata (2.0 kB)
Collecting aiohttp (from pyTelegramBotAPI->-r /www/server/mdserver-web/requirements.txt (line 42))
  Downloading aiohttp-3.14.4-cp314-cp314-manylinux2014_x86_64.manylinux_2_17_x86_64.manylinux_2_28_x86_64.whl.metadata (8.3 kB)
Collecting python-dateutil (from croniter->-r /www/server/mdserver-web/requirements.txt (line 45))
  Downloading python_dateutil-2.9.0.post0-py2.py3-none-any.whl.metadata (8.4 kB)
Collecting maxminddb<4.0.0,>=3.0.0 (from geoip2->-r /www/server/mdserver-web/requirements.txt (line 52))
  Downloading maxminddb-3.2.0-cp314-cp314-manylinux2014_x86_64.manylinux_2_17_x86_64.manylinux_2_28_x86_64.whl.metadata (5.6 kB)
Collecting aiohappyeyeballs>=2.5.0 (from aiohttp->pyTelegramBotAPI->-r /www/server/mdserver-web/requirements.txt (line 42))
  Downloading aiohappyeyeballs-2.7.1-py3-none-any.whl.metadata (5.9 kB)
Collecting aiosignal>=1.4.0 (from aiohttp->pyTelegramBotAPI->-r /www/server/mdserver-web/requirements.txt (line 42))
  Downloading aiosignal-1.4.0-py3-none-any.whl.metadata (3.7 kB)
Collecting attrs>=17.3.0 (from aiohttp->pyTelegramBotAPI->-r /www/server/mdserver-web/requirements.txt (line 42))
  Downloading attrs-26.1.0-py3-none-any.whl.metadata (8.8 kB)
Collecting frozenlist>=1.1.1 (from aiohttp->pyTelegramBotAPI->-r /www/server/mdserver-web/requirements.txt (line 42))
  Downloading frozenlist-1.8.0-cp314-cp314-manylinux1_x86_64.manylinux_2_28_x86_64.manylinux_2_5_x86_64.whl.metadata (20 kB)
Collecting multidict<7.0,>=4.5 (from aiohttp->pyTelegramBotAPI->-r /www/server/mdserver-web/requirements.txt (line 42))
  Downloading multidict-6.9.1-cp314-cp314-manylinux2014_x86_64.manylinux_2_17_x86_64.manylinux_2_28_x86_64.whl.metadata (5.3 kB)
Collecting propcache>=0.2.0 (from aiohttp->pyTelegramBotAPI->-r /www/server/mdserver-web/requirements.txt (line 42))
  Downloading propcache-0.5.4-cp314-cp314-manylinux2014_x86_64.manylinux_2_17_x86_64.manylinux_2_28_x86_64.whl.metadata (25 kB)
Collecting yarl<2.0,>=1.25.1 (from aiohttp->pyTelegramBotAPI->-r /www/server/mdserver-web/requirements.txt (line 42))
  Downloading yarl-1.25.1-cp314-cp314-manylinux2014_x86_64.manylinux_2_17_x86_64.manylinux_2_28_x86_64.whl.metadata (111 kB)
Collecting wcwidth>=0.6.0 (from telnetlib3->-r /www/server/mdserver-web/requirements.txt (line 55))
  Downloading wcwidth-0.9.2-cp310-abi3-manylinux2014_x86_64.manylinux_2_17_x86_64.whl.metadata (23 kB)
Collecting pycparser (from cffi>=2.0.0->cryptography>=48.0.1->-r /www/server/mdserver-web/requirements.txt (line 23))
  Downloading pycparser-3.0-py3-none-any.whl.metadata (8.2 kB)
Collecting wsproto (from simple-websocket>=0.10.0->python-engineio>=4.13.2->-r /www/server/mdserver-web/requirements.txt (line 25))
  Downloading wsproto-1.3.2-py3-none-any.whl.metadata (5.2 kB)
Collecting six>=1.5 (from python-dateutil->croniter->-r /www/server/mdserver-web/requirements.txt (line 45))
  Downloading six-1.17.0-py2.py3-none-any.whl.metadata (1.7 kB)
Collecting h11<1,>=0.16.0 (from wsproto->simple-websocket>=0.10.0->python-engineio>=4.13.2->-r /www/server/mdserver-web/requirements.txt (line 25))
  Downloading h11-0.16.0-py3-none-any.whl.metadata (8.3 kB)
Downloading Flask_Session-0.3.2-py2.py3-none-any.whl (7.4 kB)
Downloading Flask_Bcrypt-1.0.1-py3-none-any.whl (6.0 kB)
Downloading gevent_websocket-0.10.1-py3-none-any.whl (22 kB)
Downloading chardet-3.0.4-py2.py3-none-any.whl (133 kB)
Downloading configparser-5.2.0-py3-none-any.whl (19 kB)
Downloading werkzeug-3.1.9-py3-none-any.whl (228 kB)
Downloading wheel-0.48.0-py3-none-any.whl (33 kB)
Downloading gunicorn-26.2.0-py3-none-any.whl (228 kB)
Downloading requests-2.34.2-py3-none-any.whl (73 kB)
Downloading urllib3-2.8.0-py3-none-any.whl (135 kB)
Downloading charset_normalizer-3.5.2-cp314-cp314-manylinux2014_x86_64.manylinux_2_17_x86_64.manylinux_2_28_x86_64.whl (255 kB)
Downloading idna-3.20-py3-none-any.whl (69 kB)
Downloading flask-3.1.3-py3-none-any.whl (103 kB)
Downloading flask_caching-2.5.1-py3-none-any.whl (35 kB)
Downloading gevent-26.9.0-cp314-cp314-manylinux_2_28_x86_64.whl (2.2 MB)
   ━━━━━━━━━━━━━━━━━━━━━━━━━━━━━━━━━━━━━━━━ 2.2/2.2 MB 2.9 MB/s  0:00:00
Downloading sqlalchemy-2.1.4-cp314-cp314-manylinux2014_x86_64.manylinux_2_17_x86_64.manylinux_2_28_x86_64.whl (4.6 MB)
   ━━━━━━━━━━━━━━━━━━━━━━━━━━━━━━━━━━━━━━━━ 4.6/4.6 MB 7.1 MB/s  0:00:00
Downloading flask_sqlalchemy-3.1.1-py3-none-any.whl (25 kB)
Downloading pyopenssl-26.4.0-py3-none-any.whl (56 kB)
Downloading cryptography-50.0.2-cp311-abi3-manylinux_2_34_x86_64.whl (4.8 MB)
   ━━━━━━━━━━━━━━━━━━━━━━━━━━━━━━━━━━━━━━━━ 4.8/4.8 MB 7.3 MB/s  0:00:00
Downloading python_engineio-4.14.0-py3-none-any.whl (60 kB)
Downloading python_socketio-5.17.0-py3-none-any.whl (82 kB)
Downloading flask_socketio-5.6.1-py3-none-any.whl (18 kB)
Downloading Flask_Sockets-0.2.1-py2.py3-none-any.whl (3.8 kB)
Downloading paramiko-5.0.0-py3-none-any.whl (208 kB)
Downloading pymongo-4.18.2-cp314-cp314-manylinux2014_x86_64.manylinux_2_17_x86_64.manylinux_2_28_x86_64.whl (1.0 MB)
   ━━━━━━━━━━━━━━━━━━━━━━━━━━━━━━━━━━━━━━━━ 1.0/1.0 MB 4.0 MB/s  0:00:00
Downloading dnspython-2.8.0-py3-none-any.whl (331 kB)
Downloading pymemcache-4.0.0-py2.py3-none-any.whl (60 kB)
Downloading redis-8.1.0-py3-none-any.whl (560 kB)
   ━━━━━━━━━━━━━━━━━━━━━━━━━━━━━━━━━━━━━━━━ 560.6/560.6 kB 2.9 MB/s  0:00:00
Downloading pillow-12.3.0-cp314-cp314-manylinux_2_27_x86_64.manylinux_2_28_x86_64.whl (6.9 MB)
   ━━━━━━━━━━━━━━━━━━━━━━━━━━━━━━━━━━━━━━━━ 6.9/6.9 MB 7.6 MB/s  0:00:00
Downloading jinja2-3.1.6-py3-none-any.whl (134 kB)
Downloading pymysql-1.2.3-py3-none-any.whl (46 kB)
Downloading whitenoise-6.12.0-py3-none-any.whl (20 kB)
Downloading tldextract-5.4.0-py3-none-any.whl (107 kB)
Downloading pyotp-2.10.0-py3-none-any.whl (13 kB)
Downloading pytz-2026.5-py2.py3-none-any.whl (506 kB)
Downloading supervisor-4.3.0-py2.py3-none-any.whl (320 kB)
Downloading pytelegrambotapi-4.37.0-py3-none-any.whl (341 kB)
Downloading telebot-0.0.5-py3-none-any.whl (4.8 kB)
Downloading pyyaml-6.0.3-cp314-cp314-manylinux2014_x86_64.manylinux_2_17_x86_64.manylinux_2_28_x86_64.whl (794 kB)
   ━━━━━━━━━━━━━━━━━━━━━━━━━━━━━━━━━━━━━━━━ 794.2/794.2 kB 2.8 MB/s  0:00:00
Downloading croniter-6.2.4-py3-none-any.whl (46 kB)
Downloading bcrypt-5.0.0-cp39-abi3-manylinux_2_34_x86_64.whl (278 kB)
Downloading packaging-26.3-py3-none-any.whl (129 kB)
Downloading flask_compress-1.25-py3-none-any.whl (11 kB)
Downloading brotli-1.2.0-cp314-cp314-manylinux2014_x86_64.manylinux_2_17_x86_64.whl (1.4 MB)
   ━━━━━━━━━━━━━━━━━━━━━━━━━━━━━━━━━━━━━━━━ 1.4/1.4 MB 4.3 MB/s  0:00:00
Downloading zstd-1.5.7.2-cp314-cp314-manylinux_2_14_x86_64.whl (302 kB)
Downloading zstandard-0.25.0-cp314-cp314-manylinux2014_x86_64.manylinux_2_17_x86_64.manylinux_2_28_x86_64.whl (5.6 MB)
   ━━━━━━━━━━━━━━━━━━━━━━━━━━━━━━━━━━━━━━━━ 5.6/5.6 MB 6.5 MB/s  0:00:00
Downloading geoip2-5.3.0-py3-none-any.whl (29 kB)
Downloading aiohttp-3.14.4-cp314-cp314-manylinux2014_x86_64.manylinux_2_17_x86_64.manylinux_2_28_x86_64.whl (1.9 MB)
   ━━━━━━━━━━━━━━━━━━━━━━━━━━━━━━━━━━━━━━━━ 1.9/1.9 MB 4.2 MB/s  0:00:00
Downloading maxminddb-3.2.0-cp314-cp314-manylinux2014_x86_64.manylinux_2_17_x86_64.manylinux_2_28_x86_64.whl (103 kB)
Downloading multidict-6.9.1-cp314-cp314-manylinux2014_x86_64.manylinux_2_17_x86_64.manylinux_2_28_x86_64.whl (333 kB)
Downloading yarl-1.25.1-cp314-cp314-manylinux2014_x86_64.manylinux_2_17_x86_64.manylinux_2_28_x86_64.whl (117 kB)
Downloading psycopg2_binary-2.9.13-cp314-cp314-manylinux2014_x86_64.manylinux_2_17_x86_64.whl (4.3 MB)
   ━━━━━━━━━━━━━━━━━━━━━━━━━━━━━━━━━━━━━━━━ 4.3/4.3 MB 7.0 MB/s  0:00:00
Downloading docker-7.2.0-py3-none-any.whl (148 kB)
Downloading telnetlib3-5.0.1-py3-none-any.whl (364 kB)
Downloading aiohappyeyeballs-2.7.1-py3-none-any.whl (15 kB)
Downloading aiosignal-1.4.0-py3-none-any.whl (7.5 kB)
Downloading attrs-26.1.0-py3-none-any.whl (67 kB)
Downloading bidict-0.24.1-py3-none-any.whl (36 kB)
Downloading blinker-1.9.0-py3-none-any.whl (8.5 kB)
Downloading cachelib-0.17.0-py3-none-any.whl (28 kB)
Downloading certifi-2026.7.22-py3-none-any.whl (136 kB)
Downloading cffi-2.1.1-cp314-cp314-manylinux2014_x86_64.manylinux_2_17_x86_64.whl (221 kB)
Downloading click-8.5.0-py3-none-any.whl (125 kB)
Downloading filelock-4.0.12-py3-none-any.whl (111 kB)
Downloading frozenlist-1.8.0-cp314-cp314-manylinux1_x86_64.manylinux_2_28_x86_64.manylinux_2_5_x86_64.whl (231 kB)
Downloading greenlet-3.5.6-cp314-cp314-manylinux_2_24_x86_64.manylinux_2_28_x86_64.whl (670 kB)
   ━━━━━━━━━━━━━━━━━━━━━━━━━━━━━━━━━━━━━━━━ 670.8/670.8 kB 1.7 MB/s  0:00:00
Downloading invoke-3.0.3-py3-none-any.whl (160 kB)
Downloading itsdangerous-2.2.0-py3-none-any.whl (16 kB)
Downloading markupsafe-3.0.4-cp314-cp314-manylinux2014_x86_64.manylinux_2_17_x86_64.manylinux_2_28_x86_64.whl (23 kB)
Downloading propcache-0.5.4-cp314-cp314-manylinux2014_x86_64.manylinux_2_17_x86_64.manylinux_2_28_x86_64.whl (232 kB)
Downloading pynacl-1.6.2-cp38-abi3-manylinux_2_34_x86_64.whl (1.4 MB)
   ━━━━━━━━━━━━━━━━━━━━━━━━━━━━━━━━━━━━━━━━ 1.4/1.4 MB 4.6 MB/s  0:00:00
Downloading requests_file-3.0.1-py2.py3-none-any.whl (4.5 kB)
Downloading simple_websocket-1.1.0-py3-none-any.whl (13 kB)
Downloading typing_extensions-4.16.0-py3-none-any.whl (45 kB)
Downloading wcwidth-0.9.2-cp310-abi3-manylinux2014_x86_64.manylinux_2_17_x86_64.whl (769 kB)
   ━━━━━━━━━━━━━━━━━━━━━━━━━━━━━━━━━━━━━━━━ 769.8/769.8 kB 2.7 MB/s  0:00:00
Downloading pycparser-3.0-py3-none-any.whl (48 kB)
Downloading python_dateutil-2.9.0.post0-py2.py3-none-any.whl (229 kB)
Downloading six-1.17.0-py2.py3-none-any.whl (11 kB)
Downloading pyzmq-27.2.0-cp312-abi3-manylinux_2_26_x86_64.manylinux_2_28_x86_64.whl (872 kB)
   ━━━━━━━━━━━━━━━━━━━━━━━━━━━━━━━━━━━━━━━━ 872.3/872.3 kB 3.6 MB/s  0:00:00
Downloading wsproto-1.3.2-py3-none-any.whl (24 kB)
Downloading h11-0.16.0-py3-none-any.whl (37 kB)
Downloading zope_event-6.2-py3-none-any.whl (6.5 kB)
Downloading zope_interface-8.6-cp314-cp314-manylinux1_x86_64.manylinux2014_x86_64.manylinux_2_17_x86_64.manylinux_2_5_x86_64.whl (270 kB)
Building wheels for collected packages: flask-helper, cache, psutil, zmq
  Building wheel for flask-helper (pyproject.toml): started
  Building wheel for flask-helper (pyproject.toml): finished with status 'done'
  Created wheel for flask-helper: filename=flask_helper-0.19-py3-none-any.whl size=11166 sha256=e41b7e7a6dcebfa0946d519c6429c85719600a38992d10788086f68ee2ddec94
  Stored in directory: /root/.cache/pip/wheels/08/2d/13/c96d925806374ffca66a7d0305a547a4e7a064801bc19fb60f
  Building wheel for cache (pyproject.toml): started
  Building wheel for cache (pyproject.toml): finished with status 'done'
  Created wheel for cache: filename=cache-1.0.3-py3-none-any.whl size=3146 sha256=172bcb1320ec489447ac45a98146d7302442e9755b1798c81bea8994724f3824
  Stored in directory: /root/.cache/pip/wheels/96/18/4b/58c5b9a71368ec2b240c46fe16115e92f0a9c07c2958291201
  Building wheel for psutil (pyproject.toml): started
  Building wheel for psutil (pyproject.toml): finished with status 'done'
  Created wheel for psutil: filename=psutil-5.9.1-cp314-cp314-linux_x86_64.whl size=288019 sha256=c7d0c961b2116831cfde5e2d1e28eea30b5c0d57f62b05e25fa6261c124cca31
  Stored in directory: /root/.cache/pip/wheels/59/97/0f/506420088e0c2a7e017453d3eef10008f7d93889978b916cf6
  Building wheel for zmq (pyproject.toml): started
  Building wheel for zmq (pyproject.toml): finished with status 'done'
  Created wheel for zmq: filename=zmq-0.0.0-py3-none-any.whl size=1089 sha256=813ec3f99c00dfa85472c5ffe6607c5849f0ae2661aee113991761902f5fcd44
  Stored in directory: /root/.cache/pip/wheels/d4/f1/79/1efc10d199fc8f6163c0a23f0a90852948b72cc0790a761ac6
Successfully built flask-helper cache psutil zmq
Installing collected packages: zstd, supervisor, pytz, chardet, cache, brotli, zstandard, zope.interface, zope.event, whitenoise, wcwidth, urllib3, typing-extensions, six, redis, pyzmq, pyyaml, pyotp, PyMySQL, pymemcache, pycparser, psycopg2-binary, psutil, propcache, pillow, packaging, multidict, maxminddb, markupsafe, itsdangerous, invoke, idna, h11, gunicorn, greenlet, frozenlist, filelock, dnspython, configparser, click, charset_normalizer, certifi, cachelib, blinker, bidict, bcrypt, attrs, aiohappyeyeballs, zmq, yarl, wsproto, wheel, Werkzeug, telnetlib3, SQLAlchemy, requests, python-dateutil, pymongo, Jinja2, gevent, cffi, aiosignal, simple-websocket, requests-file, pynacl, gevent-websocket, flask, docker, cryptography, croniter, aiohttp, tldextract, python-engineio, pyTelegramBotAPI, pyOpenSSL, paramiko, geoip2, Flask-SQLAlchemy, flask-sockets, flask-session, flask-helper, Flask-Compress, flask-caching, flask-bcrypt, telebot, python-socketio, flask-socketio

Successfully installed Flask-Compress-1.25 Flask-SQLAlchemy-3.1.1 Jinja2-3.1.6 PyMySQL-1.2.3 SQLAlchemy-2.1.4 Werkzeug-3.1.9 aiohappyeyeballs-2.7.1 aiohttp-3.14.4 aiosignal-1.4.0 attrs-26.1.0 bcrypt-5.0.0 bidict-0.24.1 blinker-1.9.0 brotli-1.2.0 cache-1.0.3 cachelib-0.17.0 certifi-2026.7.22 cffi-2.1.1 chardet-3.0.4 charset_normalizer-3.5.2 click-8.5.0 configparser-5.2.0 croniter-6.2.4 cryptography-50.0.2 dnspython-2.8.0 docker-7.2.0 filelock-4.0.12 flask-3.1.3 flask-bcrypt-1.0.1 flask-caching-2.5.1 flask-helper-0.19 flask-session-0.3.2 flask-socketio-5.6.1 flask-sockets-0.2.1 frozenlist-1.8.0 geoip2-5.3.0 gevent-26.9.0 gevent-websocket-0.10.1 greenlet-3.5.6 gunicorn-26.2.0 h11-0.16.0 idna-3.20 invoke-3.0.3 itsdangerous-2.2.0 markupsafe-3.0.4 maxminddb-3.2.0 multidict-6.9.1 packaging-26.3 paramiko-5.0.0 pillow-12.3.0 propcache-0.5.4 psutil-5.9.1 psycopg2-binary-2.9.13 pyOpenSSL-26.4.0 pyTelegramBotAPI-4.37.0 pycparser-3.0 pymemcache-4.0.0 pymongo-4.18.2 pynacl-1.6.2 pyotp-2.10.0 python-dateutil-2.9.0.post0 python-engineio-4.14.0 python-socketio-5.17.0 pytz-2026.5 pyyaml-6.0.3 pyzmq-27.2.0 redis-8.1.0 requests-2.34.2 requests-file-3.0.1 simple-websocket-1.1.0 six-1.17.0 supervisor-4.3.0 telebot-0.0.5 telnetlib3-5.0.1 tldextract-5.4.0 typing-extensions-4.16.0 urllib3-2.8.0 wcwidth-0.9.2 wheel-0.48.0 whitenoise-6.12.0 wsproto-1.3.2 yarl-1.25.1 zmq-0.0.0 zope.event-6.2 zope.interface-8.6 zstandard-0.25.0 zstd-1.5.7.2
Looking in indexes: https://pypi.tuna.tsinghua.edu.cn/simple
Requirement already satisfied: setuptools>=33.1.1 in ./lib/python3.14/site-packages (from -r /www/server/mdserver-web/requirements.txt (line 1)) (84.0.0)
Requirement already satisfied: Werkzeug>=1.0.1 in ./lib/python3.14/site-packages (from -r /www/server/mdserver-web/requirements.txt (line 2)) (3.1.9)
Requirement already satisfied: wheel>=0.37.1 in ./lib/python3.14/site-packages (from -r /www/server/mdserver-web/requirements.txt (line 3)) (0.48.0)
Requirement already satisfied: gunicorn>=22.0.0 in ./lib/python3.14/site-packages (from -r /www/server/mdserver-web/requirements.txt (line 4)) (26.2.0)
Requirement already satisfied: requests>=2.27.1 in ./lib/python3.14/site-packages (from -r /www/server/mdserver-web/requirements.txt (line 5)) (2.34.2)
Requirement already satisfied: urllib3>=1.21.1 in ./lib/python3.14/site-packages (from -r /www/server/mdserver-web/requirements.txt (line 6)) (2.8.0)
Requirement already satisfied: flask>=3.1.3 in ./lib/python3.14/site-packages (from -r /www/server/mdserver-web/requirements.txt (line 7)) (3.1.3)
Requirement already satisfied: flask-session==0.3.2 in ./lib/python3.14/site-packages (from -r /www/server/mdserver-web/requirements.txt (line 8)) (0.3.2)
Requirement already satisfied: flask-helper==0.19 in ./lib/python3.14/site-packages (from -r /www/server/mdserver-web/requirements.txt (line 9)) (0.19)
Requirement already satisfied: flask-bcrypt==1.0.1 in ./lib/python3.14/site-packages (from -r /www/server/mdserver-web/requirements.txt (line 10)) (1.0.1)
Requirement already satisfied: flask-caching>=1.10.1 in ./lib/python3.14/site-packages (from -r /www/server/mdserver-web/requirements.txt (line 11)) (2.5.1)
Requirement already satisfied: cache==1.0.3 in ./lib/python3.14/site-packages (from -r /www/server/mdserver-web/requirements.txt (line 12)) (1.0.3)
Requirement already satisfied: gevent>=23.9.0 in ./lib/python3.14/site-packages (from -r /www/server/mdserver-web/requirements.txt (line 13)) (26.9.0)
Requirement already satisfied: gevent-websocket==0.10.1 in ./lib/python3.14/site-packages (from -r /www/server/mdserver-web/requirements.txt (line 14)) (0.10.1)
Requirement already satisfied: psutil==5.9.1 in ./lib/python3.14/site-packages (from -r /www/server/mdserver-web/requirements.txt (line 15)) (5.9.1)
Requirement already satisfied: chardet==3.0.4 in ./lib/python3.14/site-packages (from -r /www/server/mdserver-web/requirements.txt (line 16)) (3.0.4)
Requirement already satisfied: SQLAlchemy>=1.4.54 in ./lib/python3.14/site-packages (from -r /www/server/mdserver-web/requirements.txt (line 17)) (2.1.4)
Requirement already satisfied: Flask-SQLAlchemy>=2.5.1 in ./lib/python3.14/site-packages (from -r /www/server/mdserver-web/requirements.txt (line 18)) (3.1.1)
Requirement already satisfied: pyOpenSSL>=26.0.0 in ./lib/python3.14/site-packages (from -r /www/server/mdserver-web/requirements.txt (line 22)) (26.4.0)
Requirement already satisfied: cryptography>=48.0.1 in ./lib/python3.14/site-packages (from -r /www/server/mdserver-web/requirements.txt (line 23)) (50.0.2)
Requirement already satisfied: configparser==5.2.0 in ./lib/python3.14/site-packages (from -r /www/server/mdserver-web/requirements.txt (line 24)) (5.2.0)
Requirement already satisfied: python-engineio>=4.13.2 in ./lib/python3.14/site-packages (from -r /www/server/mdserver-web/requirements.txt (line 25)) (4.14.0)
Requirement already satisfied: python-socketio>=4.2.0 in ./lib/python3.14/site-packages (from -r /www/server/mdserver-web/requirements.txt (line 26)) (5.17.0)
Requirement already satisfied: flask-socketio>=5.2.0 in ./lib/python3.14/site-packages (from -r /www/server/mdserver-web/requirements.txt (line 27)) (5.6.1)
Requirement already satisfied: flask-sockets>=0.2.1 in ./lib/python3.14/site-packages (from -r /www/server/mdserver-web/requirements.txt (line 28)) (0.2.1)
Requirement already satisfied: zmq==0.0.0 in ./lib/python3.14/site-packages (from -r /www/server/mdserver-web/requirements.txt (line 29)) (0.0.0)
Requirement already satisfied: paramiko>=2.8.0 in ./lib/python3.14/site-packages (from -r /www/server/mdserver-web/requirements.txt (line 30)) (5.0.0)
Requirement already satisfied: pymongo in ./lib/python3.14/site-packages (from -r /www/server/mdserver-web/requirements.txt (line 31)) (4.18.2)
Requirement already satisfied: pymemcache in ./lib/python3.14/site-packages (from -r /www/server/mdserver-web/requirements.txt (line 32)) (4.0.0)
Requirement already satisfied: redis in ./lib/python3.14/site-packages (from -r /www/server/mdserver-web/requirements.txt (line 33)) (8.1.0)
Requirement already satisfied: pillow in ./lib/python3.14/site-packages (from -r /www/server/mdserver-web/requirements.txt (line 34)) (12.3.0)
Requirement already satisfied: Jinja2>=2.11.2 in ./lib/python3.14/site-packages (from -r /www/server/mdserver-web/requirements.txt (line 35)) (3.1.6)
Requirement already satisfied: PyMySQL>=1.0.2 in ./lib/python3.14/site-packages (from -r /www/server/mdserver-web/requirements.txt (line 36)) (1.2.3)
Requirement already satisfied: whitenoise>5.3.0 in ./lib/python3.14/site-packages (from -r /www/server/mdserver-web/requirements.txt (line 37)) (6.12.0)
Requirement already satisfied: tldextract in ./lib/python3.14/site-packages (from -r /www/server/mdserver-web/requirements.txt (line 38)) (5.4.0)
Requirement already satisfied: pyotp in ./lib/python3.14/site-packages (from -r /www/server/mdserver-web/requirements.txt (line 39)) (2.10.0)
Requirement already satisfied: pytz in ./lib/python3.14/site-packages (from -r /www/server/mdserver-web/requirements.txt (line 40)) (2026.5)
Requirement already satisfied: supervisor in ./lib/python3.14/site-packages (from -r /www/server/mdserver-web/requirements.txt (line 41)) (4.3.0)
Requirement already satisfied: pyTelegramBotAPI in ./lib/python3.14/site-packages (from -r /www/server/mdserver-web/requirements.txt (line 42)) (4.37.0)
Requirement already satisfied: telebot in ./lib/python3.14/site-packages (from -r /www/server/mdserver-web/requirements.txt (line 43)) (0.0.5)
Requirement already satisfied: pyyaml in ./lib/python3.14/site-packages (from -r /www/server/mdserver-web/requirements.txt (line 44)) (6.0.3)
Requirement already satisfied: croniter in ./lib/python3.14/site-packages (from -r /www/server/mdserver-web/requirements.txt (line 45)) (6.2.4)
Requirement already satisfied: bcrypt in ./lib/python3.14/site-packages (from -r /www/server/mdserver-web/requirements.txt (line 46)) (5.0.0)
Requirement already satisfied: packaging in ./lib/python3.14/site-packages (from -r /www/server/mdserver-web/requirements.txt (line 47)) (26.3)
Requirement already satisfied: Flask-Compress in ./lib/python3.14/site-packages (from -r /www/server/mdserver-web/requirements.txt (line 48)) (1.25)
Requirement already satisfied: brotli in ./lib/python3.14/site-packages (from -r /www/server/mdserver-web/requirements.txt (line 49)) (1.2.0)
Requirement already satisfied: zstd in ./lib/python3.14/site-packages (from -r /www/server/mdserver-web/requirements.txt (line 50)) (1.5.7.2)
Requirement already satisfied: zstandard in ./lib/python3.14/site-packages (from -r /www/server/mdserver-web/requirements.txt (line 51)) (0.25.0)
Requirement already satisfied: geoip2 in ./lib/python3.14/site-packages (from -r /www/server/mdserver-web/requirements.txt (line 52)) (5.3.0)
Requirement already satisfied: psycopg2-binary in ./lib/python3.14/site-packages (from -r /www/server/mdserver-web/requirements.txt (line 53)) (2.9.13)
Requirement already satisfied: docker in ./lib/python3.14/site-packages (from -r /www/server/mdserver-web/requirements.txt (line 54)) (7.2.0)
Requirement already satisfied: telnetlib3 in ./lib/python3.14/site-packages (from -r /www/server/mdserver-web/requirements.txt (line 55)) (5.0.1)
Requirement already satisfied: cachelib in ./lib/python3.14/site-packages (from flask-session==0.3.2->-r /www/server/mdserver-web/requirements.txt (line 8)) (0.17.0)
Requirement already satisfied: pyzmq in ./lib/python3.14/site-packages (from zmq==0.0.0->-r /www/server/mdserver-web/requirements.txt (line 29)) (27.2.0)
Requirement already satisfied: markupsafe>=2.1.1 in ./lib/python3.14/site-packages (from Werkzeug>=1.0.1->-r /www/server/mdserver-web/requirements.txt (line 2)) (3.0.4)
Requirement already satisfied: charset_normalizer<4,>=2 in ./lib/python3.14/site-packages (from requests>=2.27.1->-r /www/server/mdserver-web/requirements.txt (line 5)) (3.5.2)
Requirement already satisfied: idna<4,>=2.5 in ./lib/python3.14/site-packages (from requests>=2.27.1->-r /www/server/mdserver-web/requirements.txt (line 5)) (3.20)
Requirement already satisfied: certifi>=2023.5.7 in ./lib/python3.14/site-packages (from requests>=2.27.1->-r /www/server/mdserver-web/requirements.txt (line 5)) (2026.7.22)
Requirement already satisfied: blinker>=1.9.0 in ./lib/python3.14/site-packages (from flask>=3.1.3->-r /www/server/mdserver-web/requirements.txt (line 7)) (1.9.0)
Requirement already satisfied: click>=8.1.3 in ./lib/python3.14/site-packages (from flask>=3.1.3->-r /www/server/mdserver-web/requirements.txt (line 7)) (8.5.0)
Requirement already satisfied: itsdangerous>=2.2.0 in ./lib/python3.14/site-packages (from flask>=3.1.3->-r /www/server/mdserver-web/requirements.txt (line 7)) (2.2.0)
Requirement already satisfied: greenlet>=3.2.2 in ./lib/python3.14/site-packages (from gevent>=23.9.0->-r /www/server/mdserver-web/requirements.txt (line 13)) (3.5.6)
Requirement already satisfied: zope.event in ./lib/python3.14/site-packages (from gevent>=23.9.0->-r /www/server/mdserver-web/requirements.txt (line 13)) (6.2)
Requirement already satisfied: zope.interface in ./lib/python3.14/site-packages (from gevent>=23.9.0->-r /www/server/mdserver-web/requirements.txt (line 13)) (8.6)
Requirement already satisfied: typing-extensions>=4.6.0 in ./lib/python3.14/site-packages (from SQLAlchemy>=1.4.54->-r /www/server/mdserver-web/requirements.txt (line 17)) (4.16.0)
Requirement already satisfied: cffi>=2.0.0 in ./lib/python3.14/site-packages (from cryptography>=48.0.1->-r /www/server/mdserver-web/requirements.txt (line 23)) (2.1.1)
Requirement already satisfied: simple-websocket>=0.10.0 in ./lib/python3.14/site-packages (from python-engineio>=4.13.2->-r /www/server/mdserver-web/requirements.txt (line 25)) (1.1.0)
Requirement already satisfied: bidict>=0.21.0 in ./lib/python3.14/site-packages (from python-socketio>=4.2.0->-r /www/server/mdserver-web/requirements.txt (line 26)) (0.24.1)
Requirement already satisfied: invoke>=2.0 in ./lib/python3.14/site-packages (from paramiko>=2.8.0->-r /www/server/mdserver-web/requirements.txt (line 30)) (3.0.3)
Requirement already satisfied: pynacl>=1.5 in ./lib/python3.14/site-packages (from paramiko>=2.8.0->-r /www/server/mdserver-web/requirements.txt (line 30)) (1.6.2)
Requirement already satisfied: dnspython<3.0.0,>=2.7.0 in ./lib/python3.14/site-packages (from pymongo->-r /www/server/mdserver-web/requirements.txt (line 31)) (2.8.0)
Requirement already satisfied: requests-file>=1.4 in ./lib/python3.14/site-packages (from tldextract->-r /www/server/mdserver-web/requirements.txt (line 38)) (3.0.1)
Requirement already satisfied: filelock>=3.0.8 in ./lib/python3.14/site-packages (from tldextract->-r /www/server/mdserver-web/requirements.txt (line 38)) (4.0.12)
Requirement already satisfied: aiohttp in ./lib/python3.14/site-packages (from pyTelegramBotAPI->-r /www/server/mdserver-web/requirements.txt (line 42)) (3.14.4)
Requirement already satisfied: python-dateutil in ./lib/python3.14/site-packages (from croniter->-r /www/server/mdserver-web/requirements.txt (line 45)) (2.9.0.post0)
Requirement already satisfied: maxminddb<4.0.0,>=3.0.0 in ./lib/python3.14/site-packages (from geoip2->-r /www/server/mdserver-web/requirements.txt (line 52)) (3.2.0)
Requirement already satisfied: aiohappyeyeballs>=2.5.0 in ./lib/python3.14/site-packages (from aiohttp->pyTelegramBotAPI->-r /www/server/mdserver-web/requirements.txt (line 42)) (2.7.1)
Requirement already satisfied: aiosignal>=1.4.0 in ./lib/python3.14/site-packages (from aiohttp->pyTelegramBotAPI->-r /www/server/mdserver-web/requirements.txt (line 42)) (1.4.0)
Requirement already satisfied: attrs>=17.3.0 in ./lib/python3.14/site-packages (from aiohttp->pyTelegramBotAPI->-r /www/server/mdserver-web/requirements.txt (line 42)) (26.1.0)
Requirement already satisfied: frozenlist>=1.1.1 in ./lib/python3.14/site-packages (from aiohttp->pyTelegramBotAPI->-r /www/server/mdserver-web/requirements.txt (line 42)) (1.8.0)
Requirement already satisfied: multidict<7.0,>=4.5 in ./lib/python3.14/site-packages (from aiohttp->pyTelegramBotAPI->-r /www/server/mdserver-web/requirements.txt (line 42)) (6.9.1)
Requirement already satisfied: propcache>=0.2.0 in ./lib/python3.14/site-packages (from aiohttp->pyTelegramBotAPI->-r /www/server/mdserver-web/requirements.txt (line 42)) (0.5.4)
Requirement already satisfied: yarl<2.0,>=1.25.1 in ./lib/python3.14/site-packages (from aiohttp->pyTelegramBotAPI->-r /www/server/mdserver-web/requirements.txt (line 42)) (1.25.1)
Requirement already satisfied: wcwidth>=0.6.0 in ./lib/python3.14/site-packages (from telnetlib3->-r /www/server/mdserver-web/requirements.txt (line 55)) (0.9.2)
Requirement already satisfied: pycparser in ./lib/python3.14/site-packages (from cffi>=2.0.0->cryptography>=48.0.1->-r /www/server/mdserver-web/requirements.txt (line 23)) (3.0)
Requirement already satisfied: wsproto in ./lib/python3.14/site-packages (from simple-websocket>=0.10.0->python-engineio>=4.13.2->-r /www/server/mdserver-web/requirements.txt (line 25)) (1.3.2)
Requirement already satisfied: six>=1.5 in ./lib/python3.14/site-packages (from python-dateutil->croniter->-r /www/server/mdserver-web/requirements.txt (line 45)) (1.17.0)
Requirement already satisfied: h11<1,>=0.16.0 in ./lib/python3.14/site-packages (from wsproto->simple-websocket>=0.10.0->python-engineio>=4.13.2->-r /www/server/mdserver-web/requirements.txt (line 25)) (0.16.0)
lib ok!
